team,slug,conference,oldAdjOff,newAdjOff,deltaAdjOff,oldAdjOffRank,newAdjOffRank,rankChangeAdjOff,oldAdjDef,newAdjDef,deltaAdjDef,oldAdjDefRank,newAdjDefRank,rankChangeAdjDef,oldAdjNet,newAdjNet,deltaAdjNet,oldAdjNetRank,newAdjNetRank,rankChangeAdjNet
Air Force,air-force,MWC,-0.202,3.398,3.6,85,44,41,-2.018,-20.309,-18.291,136,136,0,-8.63,-16.911,-8.281,92,119,-27
Akron,akron,MAC,-0.977,-13.796,-12.818999999999999,122,129,-7,-1.236,-8.365,-7.1290000000000004,133,108,25,-24.19,-22.161,2.029,132,131,1
Alabama,alabama,SEC,0.597,7.847,7.25,27,25,2,0.965,10.206,9.241,16,19,-3,21.13,18.053,-3.076999999999998,14,17,-3
App State,app-state,SBC,-0.855,-6.318,-5.462999999999999,120,105,15,-0.583,-9.72,-9.137,107,116,-9,-17.48,-16.038,1.4420000000000002,119,116,3
Arizona,arizona,B12,0.134,3.327,3.193,53,45,8,0.947,5.073,4.126,17,38,-21,14.27,8.4,-5.869999999999999,22,47,-25
Arizona State,arizona-state,B12,0.091,-0.032,-0.123,60,67,-7,0.709,9.697,8.988,27,21,6,7.98,9.665,1.6849999999999987,42,42,0
Arkansas,arkansas,SEC,1.848,17.92,16.072000000000003,3,3,0,-0.373,-1.046,-0.673,91,73,18,6.94,16.874,9.933999999999997,47,19,28
Arkansas State,arkansas-state,SBC,-1.127,-9.709,-8.581999999999999,127,120,7,-0.355,-10.041,-9.686,90,120,-30,-14.44,-19.75,-5.3100000000000005,107,128,-21
Army,army,AAC,-1.084,-1.995,-0.911,124,79,45,-0.021,-3.36,-3.339,66,88,-22,-1.58,-5.355,-3.7750000000000004,75,79,-4
Auburn,auburn,SEC,0.111,4.747,4.636,55,38,17,1.089,12.576,11.487,8,10,-2,11.34,17.323,5.9830000000000005,31,18,13
BYU,byu,B12,0.578,6.455,5.877,29,30,-1,0.525,7.056,6.531,34,30,4,17.61,13.511,-4.099,18,26,-8
Ball State,ball-state,MAC,-1.588,-20.223,-18.634999999999998,135,136,-1,-0.893,-8.175,-7.282000000000001,125,107,18,-23.78,-28.398,-4.6179999999999986,131,135,-4
Baylor,baylor,B12,0.547,7.254,6.707,30,27,3,0.06,1.586,1.526,60,54,6,3.19,8.84,5.65,63,45,18
Boise State,boise-state,MWC,-0.189,-1.551,-1.3619999999999999,84,71,13,0.392,3.65,3.258,40,43,-3,3.71,2.099,-1.6109999999999998,61,62,-1
Boston College,boston-college,ACC,0.07,3.696,3.6260000000000003,62,43,19,-0.867,-5.499,-4.632,123,103,20,-7.29,-1.803,5.487,87,74,13
Bowling Green,bowling-green,MAC,-1.001,-14.094,-13.093,123,131,-8,-0.501,-4.855,-4.354,101,97,4,-17.7,-18.949,-1.2490000000000023,121,126,-5
Buffalo,buffalo,MAC,-1.106,-13.239,-12.133000000000001,125,127,-2,-0.183,-4.524,-4.341,76,95,-19,-17.71,-17.763,-0.053000000000000824,122,122,0
California,california,ACC,-0.407,0.414,0.821,92,66,26,0.053,-0.507,-0.56,61,70,-9,-3.55,-0.093,3.457,82,67,15
Central Michigan,central-michigan,MAC,-0.685,-7.282,-6.5969999999999995,113,112,1,-0.387,-4.903,-4.516,93,98,-5,-14.04,-12.185,1.8549999999999986,104,103,1
Charlotte,charlotte,AAC,-1.448,-15.892,-14.443999999999999,133,133,0,-0.495,-11.9,-11.405000000000001,100,130,-30,-24.57,-27.792,-3.2220000000000013,133,134,-1
Cincinnati,cincinnati,B12,1.026,10.303,9.277000000000001,16,16,0,0.145,0.192,0.047000000000000014,55,66,-11,4.39,10.495,6.1049999999999995,55,38,17
Clemson,clemson,ACC,0.194,4.936,4.742,49,37,12,0.387,8.186,7.7989999999999995,41,24,17,8.81,13.122,4.311999999999999,40,27,13
Coastal Carolina,coastal-carolina,SBC,-0.907,-9.27,-8.363,121,118,3,-0.86,-11.577,-10.717,122,129,-7,-19.09,-20.847,-1.7570000000000014,124,129,-5
Colorado,colorado,B12,-0.458,-4.284,-3.8259999999999996,96,96,0,-0.297,-1.337,-1.04,83,75,8,-3.32,-5.621,-2.3010000000000006,81,80,1
Colorado State,colorado-state,MWC,-0.527,-5.628,-5.101,104,102,2,-0.809,-8.506,-7.697,120,109,11,-13.38,-14.134,-0.7539999999999996,101,110,-9
Delaware,delaware,CUSA,-0.554,-7.217,-6.662999999999999,106,111,-5,-1.044,-9.787,-8.743,129,118,11,-16.73,-17.004,-0.2740000000000009,117,120,-3
Duke,duke,ACC,0.474,7.275,6.801,33,26,7,-0.539,-2.901,-2.3619999999999997,104,86,18,7.33,4.374,-2.9560000000000004,45,55,-10
East Carolina,east-carolina,AAC,-0.079,0.925,1.004,73,63,10,-0.056,2.831,2.887,69,46,23,5.75,3.756,-1.9940000000000002,50,57,-7
Eastern Michigan,eastern-michigan,MAC,-0.071,-3.605,-3.534,72,89,-17,-1.002,-13.473,-12.471,128,132,-4,-16.87,-17.078,-0.2079999999999984,118,121,-3
Florida,florida,SEC,0.365,6.431,6.066,39,31,8,0.317,7.782,7.465,46,25,21,7.8,14.213,6.412999999999999,44,24,20
Florida Atlantic,florida-atlantic,AAC,-0.221,-0.08,0.14100000000000001,87,68,19,-0.484,-10.976,-10.492,99,125,-26,-16.02,-11.056,4.964,114,98,16
Florida International,florida-international,CUSA,-0.742,-8.442,-7.7,117,116,1,-0.696,-3.782,-3.0860000000000003,115,91,24,-15.44,-12.224,3.2159999999999993,112,104,8
Florida State,florida-state,ACC,1.244,10.211,8.967,10,17,-7,0.681,0.801,0.12,28,59,-31,12.26,11.012,-1.2479999999999993,27,35,-8
Fresno State,fresno-state,MWC,-0.712,-6.112,-5.4,115,103,12,0.375,-1.035,-1.41,42,72,-30,-3.85,-7.147,-3.297,83,89,-6
Georgia,georgia,SEC,0.242,9.222,8.98,47,20,27,1.066,11.694,10.628,11,13,-2,23.01,20.916,-2.094000000000001,8,12,-4
Georgia Southern,georgia-southern,SBC,-0.092,-1.756,-1.664,74,77,-3,-1.236,-16.5,-15.264,132,134,-2,-15.06,-18.256,-3.1959999999999997,109,124,-15
Georgia State,georgia-state,SBC,-0.44,-5.387,-4.946999999999999,94,100,-6,-0.638,-11.433,-10.795,111,128,-17,-23.67,-16.82,6.850000000000001,130,118,12
Georgia Tech,georgia-tech,ACC,0.983,11.611,10.628,17,13,4,-0.384,1.007,1.391,92,56,36,7.97,12.618,4.648000000000001,43,30,13
Hawai'i,hawai-i,MWC,-0.146,-1.556,-1.4100000000000001,80,72,8,-0.68,-4.386,-3.706,113,94,19,-2.86,-5.942,-3.0820000000000003,79,82,-3
Houston,houston,B12,0.176,1.365,1.189,50,61,-11,0.11,0.15,0.039999999999999994,57,68,-11,6.0,1.515,-4.485,48,64,-16
Illinois,illinois,B1G,0.287,7.872,7.585,44,24,20,0.672,-1.329,-2.001,29,74,-45,14.84,6.543,-8.297,21,49,-28
Indiana,indiana,B1G,1.584,14.173,12.589,5,10,-5,1.036,12.031,10.995000000000001,13,12,1,40.9,26.204,-14.695999999999998,1,6,-5
Iowa,iowa,B1G,-0.164,2.594,2.758,82,51,31,1.079,12.172,11.093,10,11,-1,22.82,14.766,-8.054,9,23,-14
Iowa State,iowa-state,B12,0.113,3.048,2.935,54,49,5,0.176,2.317,2.141,53,49,4,9.11,5.365,-3.744999999999999,38,51,-13
Jacksonville State,jacksonville-state,CUSA,-0.47,-6.151,-5.681,98,104,-6,-0.681,-8.615,-7.934,114,111,3,-13.96,-14.766,-0.8059999999999992,102,111,-9
James Madison,james-madison,SBC,0.43,-2.24,-2.6700000000000004,36,82,-46,0.843,7.719,6.876,21,26,-5,11.36,5.479,-5.880999999999999,30,50,-20
Kansas,kansas,B12,0.8,9.414,8.613999999999999,20,19,1,-0.209,0.503,0.712,78,63,15,5.54,9.917,4.377,51,41,10
Kansas State,kansas-state,B12,0.455,3.302,2.847,35,47,-12,0.223,6.838,6.615,50,31,19,9.81,10.14,0.33000000000000007,36,40,-4
Kennesaw State,kennesaw-state,CUSA,0.046,-1.897,-1.943,64,78,-14,-0.606,-8.58,-7.974,108,110,-2,-8.63,-10.477,-1.8469999999999995,91,97,-6
Kent State,kent-state,MAC,-0.362,-8.708,-8.346,91,117,-26,-0.743,-13.0,-12.257,116,131,-15,-21.74,-21.708,0.03200000000000003,128,130,-2
Kentucky,kentucky,SEC,-0.046,2.313,2.359,68,54,14,0.515,8.333,7.8180000000000005,35,23,12,4.73,10.646,5.916,54,36,18
LSU,lsu,SEC,-0.133,-0.583,-0.44999999999999996,79,69,10,1.061,11.657,10.596,12,14,-2,10.03,11.074,1.0440000000000005,35,34,1
Liberty,liberty,CUSA,-0.187,-2.005,-1.8179999999999998,83,80,3,-0.413,-11.136,-10.722999999999999,94,126,-32,-14.04,-13.141,0.8989999999999991,105,106,-1
Louisiana,louisiana,SBC,-0.66,-6.514,-5.854,111,106,5,-0.825,-10.218,-9.393,121,122,-1,-15.88,-16.732,-0.8519999999999985,113,117,-4
Louisiana Tech,louisiana-tech,CUSA,-0.508,-6.942,-6.434,102,108,-6,-0.506,-1.539,-1.033,102,76,26,-7.78,-8.481,-0.7009999999999996,89,92,-3
Louisville,louisville,ACC,0.6,5.474,4.8740000000000006,26,34,-8,0.883,10.474,9.591000000000001,19,18,1,12.0,15.948,3.9480000000000004,28,20,8
Marshall,marshall,SBC,-0.129,-3.516,-3.387,78,85,-7,-0.66,-5.215,-4.555,112,101,11,-10.78,-8.731,2.0489999999999995,96,95,1
Maryland,maryland,B1G,-0.054,-3.892,-3.838,70,94,-24,0.101,2.316,2.215,59,50,9,1.61,-1.576,-3.186,67,72,-5
Massachusetts,massachusetts,MAC,-1.926,-18.389,-16.463,136,135,1,-1.112,-18.871,-17.759,130,135,-5,-38.28,-37.26,1.0200000000000031,136,136,0
Memphis,memphis,AAC,-0.097,2.524,2.621,75,52,23,-0.127,-2.615,-2.4880000000000004,72,83,-11,1.55,-0.091,-1.641,68,66,2
Miami,miami,ACC,0.779,11.005,10.226,22,14,8,1.496,15.6,14.104,4,5,-1,28.54,26.605,-1.9349999999999987,6,5,1
Miami (OH),miami-oh,MAC,-0.48,-7.494,-7.013999999999999,99,113,-14,-0.068,-2.824,-2.756,70,85,-15,-8.76,-10.318,-1.5579999999999998,93,96,-3
Michigan,michigan,B1G,0.832,9.722,8.889999999999999,19,18,1,0.939,4.219,3.2800000000000002,18,42,-24,16.68,13.941,-2.738999999999999,20,25,-5
Michigan State,michigan-state,B1G,-0.125,-1.634,-1.509,77,75,2,-0.192,0.614,0.806,77,61,16,3.78,-1.02,-4.8,60,69,-9
Middle Tennessee,middle-tennessee,CUSA,-0.461,-5.073,-4.612,97,98,-1,-1.202,-10.509,-9.307,131,124,7,-21.12,-15.582,5.538,126,115,11
Minnesota,minnesota,B1G,-0.7,-4.857,-4.157,114,97,17,0.028,-1.949,-1.977,63,81,-18,2.48,-6.806,-9.286,65,87,-22
Mississippi State,mississippi-state,SEC,0.17,3.959,3.789,51,42,9,0.018,3.248,3.2300000000000004,64,44,20,4.06,7.207,3.1470000000000002,58,48,10
Missouri,missouri,SEC,0.459,4.217,3.7579999999999996,34,40,-6,1.271,16.71,15.439,7,4,3,14.2,20.927,6.727,23,11,12
Missouri State,missouri-state,CUSA,0.039,-5.087,-5.1259999999999994,66,99,-33,-0.789,-8.735,-7.946,118,112,6,-15.18,-13.822,1.3580000000000005,111,108,3
NC State,nc-state,ACC,0.515,7.897,7.382000000000001,31,23,8,-0.256,4.638,4.894,80,41,39,8.91,12.535,3.625,39,32,7
Navy,navy,AAC,0.582,8.6,8.017999999999999,28,22,6,-0.312,-3.663,-3.351,84,90,-6,0.76,4.937,4.1770000000000005,69,53,16
Nebraska,nebraska,B1G,0.235,1.958,1.7229999999999999,48,58,-10,0.104,0.705,0.601,58,60,-2,8.4,2.663,-5.737,41,60,-19
Nevada,nevada,MWC,-0.638,-10.488,-9.85,110,123,-13,-0.162,-4.982,-4.82,74,99,-25,-14.9,-15.47,-0.5700000000000003,108,113,-5
New Mexico,new-mexico,MWC,-0.153,-3.604,-3.451,81,88,-7,0.165,0.309,0.144,54,64,-10,0.07,-3.295,-3.3649999999999998,70,77,-7
New Mexico State,new-mexico-state,CUSA,-1.142,-11.371,-10.229000000000001,128,124,4,-0.441,-6.405,-5.964,95,104,-9,-20.06,-17.776,2.283999999999999,125,123,2
North Carolina,north-carolina,ACC,-0.482,-3.645,-3.1630000000000003,100,90,10,0.351,1.997,1.6460000000000001,43,51,-8,-8.05,-1.648,6.402000000000001,90,73,17
North Texas,north-texas,AAC,1.446,14.123,12.677,7,11,-4,-0.32,-9.837,-9.517,85,119,-34,11.05,4.286,-6.764000000000001,32,56,-24
Northern Illinois,northern-illinois,MAC,-1.125,-13.884,-12.759,126,130,-4,-0.261,-10.267,-10.006,81,123,-42,-17.52,-24.151,-6.631,120,132,-12
Northwestern,northwestern,B1G,-0.216,1.083,1.299,86,62,24,0.18,0.926,0.746,52,57,-5,7.21,2.009,-5.2010000000000005,46,63,-17
Notre Dame,notre-dame,IND,1.629,19.051,17.421999999999997,4,2,2,1.297,13.054,11.757,6,9,-3,31.19,32.105,0.9149999999999956,4,2,2
Ohio,ohio,MAC,-0.05,-1.75,-1.7,69,76,-7,-0.468,-4.695,-4.227,98,96,2,-4.37,-6.445,-2.075,85,85,0
Ohio State,ohio-state,B1G,1.096,13.059,11.963,11,12,-1,1.729,21.45,19.721,1,1,0,33.19,34.509,1.3190000000000026,2,1,1
Oklahoma,oklahoma,SEC,0.101,1.434,1.333,58,60,-2,1.582,20.14,18.558,3,3,0,19.49,21.574,2.084000000000003,16,10,6
Oklahoma State,oklahoma-state,B12,-0.622,-7.004,-6.382,109,109,0,-0.324,-5.029,-4.705,86,100,-14,-13.99,-12.033,1.9570000000000007,103,101,2
Old Dominion,old-dominion,SBC,0.647,-0.759,-1.4060000000000001,24,70,-46,0.732,5.397,4.665,26,37,-11,4.36,4.638,0.2779999999999996,56,54,2
Ole Miss,ole-miss,SEC,1.381,14.659,13.278,8,8,0,0.402,7.528,7.1259999999999994,39,28,11,22.45,22.187,-0.2629999999999981,10,9,1
Oregon,oregon,B1G,1.567,16.621,15.053999999999998,6,4,2,1.44,10.76,9.32,5,16,-11,31.25,27.381,-3.8689999999999998,3,4,-1
Oregon State,oregon-state,PAC,-0.552,-10.41,-9.858,105,122,-17,-0.527,-0.826,-0.29899999999999993,103,71,32,-14.22,-11.236,2.984,106,99,7
Penn State,penn-state,B1G,0.269,6.559,6.29,45,29,16,0.599,5.865,5.266,32,36,-4,18.3,12.424,-5.876000000000001,17,33,-16
Pittsburgh,pittsburgh,ACC,0.021,2.203,2.182,67,56,11,0.821,10.726,9.905000000000001,23,17,6,10.94,12.929,1.9890000000000008,33,28,5
Purdue,purdue,B1G,0.102,0.739,0.637,57,65,-8,-0.555,-1.9,-1.3449999999999998,106,79,27,-0.51,-1.161,-0.651,72,70,2
Rice,rice,AAC,-1.468,-15.132,-13.664,134,132,2,-0.753,-4.316,-3.5629999999999997,117,93,24,-21.14,-19.448,1.6920000000000002,127,127,0
Rutgers,rutgers,B1G,0.426,5.277,4.851,37,35,2,-1.698,-11.283,-9.584999999999999,135,127,8,3.91,-6.006,-9.916,59,83,-24
SMU,smu,ACC,1.044,8.945,7.901,15,21,-6,0.327,6.709,6.382,45,32,13,13.82,15.654,1.8339999999999996,24,21,3
Sam Houston,sam-houston,CUSA,-1.271,-12.726,-11.455000000000002,129,126,3,-1.638,-14.354,-12.716,134,133,1,-30.8,-27.08,3.7200000000000024,135,133,2
San Diego State,san-diego-state,MWC,0.04,-3.538,-3.578,65,86,-21,0.763,7.288,6.525,25,29,-4,2.99,3.75,0.7599999999999998,64,58,6
San José State,san-jose-state,MWC,0.109,-1.584,-1.693,56,73,-17,-0.629,-6.938,-6.308999999999999,110,106,4,-16.21,-8.522,7.688000000000001,115,93,22
South Alabama,south-alabama,SBC,-0.613,-3.831,-3.218,108,93,15,-0.325,-9.761,-9.436,87,117,-30,-15.1,-13.592,1.5079999999999991,110,107,3
South Carolina,south-carolina,SEC,0.488,4.165,3.677,32,41,-9,0.561,6.461,5.9,33,33,0,9.27,10.626,1.3559999999999999,37,37,0
South Florida,south-florida,AAC,1.073,4.257,3.1839999999999997,14,39,-25,0.278,4.981,4.702999999999999,49,39,10,12.74,9.238,-3.5020000000000007,26,43,-17
Southern Miss,southern-miss,SBC,-0.339,-7.545,-7.2059999999999995,89,114,-25,-0.338,-6.558,-6.22,89,105,-16,-12.34,-14.103,-1.763,99,109,-10
Stanford,stanford,ACC,-0.562,-4.026,-3.4639999999999995,107,95,12,0.003,0.858,0.855,65,58,7,-2.97,-3.168,-0.19799999999999995,80,76,4
Syracuse,syracuse,ACC,-0.753,-3.655,-2.9019999999999997,119,91,28,-0.624,-2.639,-2.0149999999999997,109,84,25,-10.87,-6.294,4.576,97,84,13
TCU,tcu,B12,0.34,6.986,6.646,40,28,12,0.508,5.936,5.428,36,35,1,10.59,12.922,2.3320000000000007,34,29,5
Temple,temple,AAC,-0.681,-3.7,-3.019,112,92,20,-0.804,-8.993,-8.189,119,114,5,-9.1,-12.693,-3.593,94,105,-11
Tennessee,tennessee,SEC,1.083,16.263,15.180000000000001,13,5,8,0.041,2.603,2.5620000000000003,62,48,14,13.45,18.866,5.416,25,16,9
Texas,texas,SEC,0.623,6.109,5.486,25,33,-8,1.035,13.738,12.703,14,8,6,17.01,19.847,2.8369999999999997,19,14,5
Texas A&M,texas-a-m,SEC,1.318,15.196,13.878,9,6,3,0.831,15.168,14.337,22,6,16,21.48,30.364,8.884,12,3,9
Texas State,texas-state,SBC,0.71,5.099,4.389,23,36,-13,-0.456,-4.152,-3.696,96,92,4,-4.84,0.947,5.787,86,65,21
Texas Tech,texas-tech,B12,0.313,3.315,3.002,42,46,-4,1.631,20.42,18.789,2,2,0,30.2,23.735,-6.465,5,8,-3
Toledo,toledo,MAC,0.403,-2.171,-2.574,38,81,-43,0.867,11.025,10.158000000000001,20,15,5,4.13,8.854,4.723999999999999,57,44,13
Troy,troy,SBC,-1.297,-11.992,-10.695,130,125,5,-0.335,-3.285,-2.95,88,87,1,-10.98,-15.277,-4.296999999999999,98,112,-14
Tulane,tulane,AAC,0.259,2.252,1.9929999999999999,46,55,-9,-0.047,0.084,0.131,68,69,-1,3.58,2.336,-1.2440000000000002,62,61,1
Tulsa,tulsa,AAC,-0.749,-6.746,-5.997000000000001,118,107,11,-0.29,-1.927,-1.637,82,80,2,-16.22,-8.673,7.546999999999999,116,94,22
UAB,uab,AAC,-0.416,-3.417,-3.001,93,84,9,-0.874,-8.739,-7.865000000000001,124,113,11,-18.08,-12.156,5.923999999999998,123,102,21
UCF,ucf,B12,0.081,-3.539,-3.62,61,87,-26,0.463,1.522,1.059,37,55,-18,-1.4,-2.017,-0.617,74,75,-1
UCLA,ucla,B1G,-0.295,2.513,2.808,88,53,35,0.303,0.173,-0.13,47,67,-20,-0.29,2.686,2.976,71,59,12
UConn,uconn,IND,0.068,2.795,2.727,63,50,13,-0.921,-9.669,-8.748000000000001,127,115,12,-7.33,-6.874,0.4560000000000004,88,88,0
UL Monroe,ul-monroe,SBC,-0.446,-10.158,-9.712,95,121,-26,-0.464,-5.313,-4.848999999999999,97,102,-5,-26.88,-15.471,11.408999999999999,134,114,20
UNLV,unlv,MWC,0.793,6.312,5.519,21,32,-11,-0.91,-10.088,-9.177999999999999,126,121,5,-1.05,-3.776,-2.726,73,78,-5
USC,usc,B1G,1.868,14.866,12.998,2,7,-5,0.296,0.269,-0.02699999999999997,48,65,-17,21.67,15.135,-6.535000000000002,11,22,-11
UTEP,utep,CUSA,-1.373,-16.693,-15.320000000000002,131,134,-3,-0.076,-1.845,-1.769,71,78,-7,-22.69,-18.538,4.152000000000001,129,125,4
UTSA,utsa,AAC,0.295,3.172,2.8770000000000002,43,48,-5,-0.15,1.915,2.065,73,52,21,1.96,5.087,3.127,66,52,14
Utah,utah,B12,1.091,14.452,13.361,12,9,3,0.408,4.882,4.473999999999999,38,40,-2,25.32,19.334,-5.986000000000001,7,15,-8
Utah State,utah-state,MWC,0.099,-3.302,-3.4010000000000002,59,83,-24,-0.167,-2.59,-2.423,75,82,-7,-2.55,-5.892,-3.3420000000000005,77,81,-4
Vanderbilt,vanderbilt,SEC,2.204,22.038,19.834,1,1,0,0.125,2.998,2.873,56,45,11,21.42,25.036,3.6159999999999997,13,7,6
Virginia,virginia,ACC,-0.056,1.518,1.574,71,59,12,0.779,8.661,7.882,24,22,2,11.91,10.179,-1.7309999999999999,29,39,-10
Virginia Tech,virginia-tech,ACC,0.339,1.963,1.624,41,57,-16,-0.029,-3.381,-3.352,67,89,-22,-1.7,-1.418,0.28200000000000003,76,71,5
Wake Forest,wake-forest,ACC,0.166,-1.606,-1.772,52,74,-22,1.083,14.158,13.075,9,7,2,5.24,12.552,7.311999999999999,52,31,21
Washington,washington,B1G,0.938,10.82,9.882,18,15,3,0.971,9.883,8.911999999999999,15,20,-5,20.15,20.703,0.5530000000000008,15,13,2
Washington State,washington-state,PAC,-0.11,0.865,0.975,76,64,12,0.642,7.562,6.92,31,27,4,4.91,8.427,3.5169999999999995,53,46,7
West Virginia,west-virginia,B12,-0.514,-8.3,-7.7860000000000005,103,115,-12,-0.223,0.597,0.82,79,62,17,-4.17,-7.703,-3.5330000000000004,84,91,-7
Western Kentucky,western-kentucky,CUSA,-0.491,-5.481,-4.99,101,101,0,-0.547,-1.668,-1.121,105,77,28,-9.68,-7.149,2.5309999999999997,95,90,5
Western Michigan,western-michigan,MAC,-0.734,-9.29,-8.556,116,119,-3,0.339,2.73,2.391,44,47,-3,-2.71,-6.56,-3.8499999999999996,78,86,-8
Wisconsin,wisconsin,B1G,-0.345,-7.077,-6.732,90,110,-20,0.666,6.064,5.398,30,34,-4,5.85,-1.013,-6.8629999999999995,49,68,-19
Wyoming,wyoming,MWC,-1.423,-13.249,-11.826,132,128,4,0.203,1.712,1.509,51,53,-2,-12.55,-11.537,1.013,100,100,0
