game_id,season,week,season_type,team,opponent,home_away,classification,opponent_classification,box_score_available,box_points,box_total_plays,box_total_yards,box_pass_attempts,box_completions,box_net_pass_yards,box_rush_attempts,box_rush_yards,box_turnovers,box_interceptions,box_fumbles_lost,box_third_down_attempts,box_third_down_conversions,box_fourth_down_attempts,box_fourth_down_conversions,raw_points,raw_total_plays,raw_total_yards,raw_pass_attempts,raw_completions,raw_net_pass_yards,raw_rush_attempts,raw_rush_yards,raw_turnovers,raw_interceptions,raw_fumbles_lost,raw_third_down_attempts,raw_third_down_conversions,raw_fourth_down_attempts,raw_fourth_down_conversions,canon_points,canon_total_plays,canon_total_yards,canon_pass_attempts,canon_completions,canon_net_pass_yards,canon_rush_attempts,canon_rush_yards,canon_turnovers,canon_interceptions,canon_fumbles_lost,canon_third_down_attempts,canon_third_down_conversions,canon_fourth_down_attempts,canon_fourth_down_conversions,canonfix_interceptions,canonfix_fumbles_lost,canonfix_turnovers,canondedup_rush_attempts,canondedup_rush_yards,canondedup_pass_attempts,canondedup_net_pass_yards,canondedup_total_plays,canondedup_total_yards
401856766,2026,1,regular,TCU,North Carolina,home,fbs,fbs,True,10,71,281,32,20,175,39,106,1,0,1,16,7,5,1,10,68,322.0,32,20,175.0,36,147.0,0,0,0,17,7,4,1,10,71,281.0,32,20,175.0,39,106.0,0,0,0,17,7,4,1,0,0,0,39,106.0,32,175.0,71,281.0
401856766,2026,1,regular,North Carolina,TCU,away,fbs,fbs,True,15,57,322,28,16,232,29,90,2,0,2,11,3,1,1,15,55,308.0,27,15,222.0,28,86.0,2,0,2,11,3,1,1,15,57,322.0,28,16,232.0,29,90.0,2,0,2,11,3,1,1,0,2,2,29,90.0,28,232.0,57,322.0
401864494,2026,1,regular,USC,San José State,home,fbs,fbs,True,42,76,505,36,30,341,40,164,1,1,0,13,9,2,1,42,75,505.0,35,30,341.0,40,164.0,1,1,0,12,9,2,1,42,75,505.0,35,30,341.0,40,164.0,1,1,0,12,9,2,1,1,0,1,40,164.0,35,341.0,75,505.0
401864494,2026,1,regular,San José State,USC,away,fbs,fbs,True,26,56,336,32,21,234,24,102,0,0,0,11,5,1,0,26,56,257.0,32,21,155.0,24,102.0,0,0,0,11,5,1,0,26,56,257.0,32,21,155.0,24,102.0,0,0,0,11,5,1,0,0,0,0,24,102.0,32,155.0,56,257.0
401858202,2026,1,regular,Virginia,NC State,home,fbs,fbs,True,34,68,413,11,9,155,57,258,0,0,0,14,3,4,4,34,68,418.0,11,9,155.0,57,263.0,0,0,0,14,3,4,4,34,68,413.0,11,9,155.0,57,258.0,0,0,0,14,3,4,4,0,0,0,57,258.0,11,155.0,68,413.0
401858202,2026,1,regular,NC State,Virginia,away,fbs,fbs,True,8,51,168,27,15,92,24,76,2,1,1,13,4,1,0,8,50,156.0,27,15,92.0,23,64.0,1,1,0,13,4,1,0,8,51,168.0,27,15,92.0,24,76.0,1,1,0,13,4,1,0,1,1,2,24,76.0,27,92.0,51,168.0
401864577,2026,1,regular,North Dakota State,Jacksonville State,home,fbs,fbs,True,33,67,373,23,15,164,44,209,1,1,0,14,5,2,2,33,67,373.0,23,15,164.0,44,209.0,1,1,0,14,5,2,2,33,67,373.0,23,15,164.0,44,209.0,1,1,0,14,5,2,2,1,0,1,44,209.0,23,164.0,67,373.0
401864577,2026,1,regular,Jacksonville State,North Dakota State,away,fbs,fbs,True,7,54,170,23,12,85,31,85,2,1,1,10,2,2,1,7,50,189.0,22,12,85.0,28,104.0,1,0,1,10,2,2,1,7,53,185.0,22,12,85.0,31,100.0,1,0,1,10,2,2,1,1,1,2,31,100.0,22,85.0,53,185.0
401866408,2026,1,regular,Eastern Michigan,Sacramento State,home,fbs,fbs,True,28,68,348,38,27,279,30,69,1,0,1,15,5,0,0,28,67,358.0,38,27,279.0,29,79.0,1,0,1,14,5,0,0,28,68,387.0,38,27,279.0,30,108.0,1,0,1,14,5,0,0,0,1,1,30,108.0,38,279.0,68,387.0
401866408,2026,1,regular,Sacramento State,Eastern Michigan,away,fbs,fbs,True,17,63,268,46,25,219,17,49,2,1,1,14,3,2,1,17,61,283.0,45,25,224.0,16,59.0,1,1,0,13,3,2,1,17,62,273.0,45,25,224.0,17,49.0,1,1,0,13,3,2,1,1,0,1,17,49.0,45,224.0,62,273.0
401858201,2026,1,regular,Stanford,Hawai'i,home,fbs,fbs,True,37,71,483,34,22,310,37,173,0,0,0,16,7,2,1,37,71,483.0,34,22,310.0,37,173.0,0,0,0,15,7,2,1,37,71,483.0,34,22,310.0,37,173.0,0,0,0,15,7,2,1,0,0,0,37,173.0,34,310.0,71,483.0
401858201,2026,1,regular,Hawai'i,Stanford,away,fbs,fbs,True,27,74,322,52,31,276,22,46,1,0,1,19,8,2,2,27,72,315.0,51,30,266.0,21,49.0,0,0,0,16,6,2,2,27,73,323.0,52,31,276.0,21,47.0,0,0,0,16,6,2,2,0,1,1,21,47.0,52,276.0,73,323.0
401864570,2026,1,regular,Florida State,New Mexico State,home,fbs,fbs,True,34,66,419,27,17,202,39,217,1,1,0,14,8,1,1,34,66,423.0,27,17,202.0,39,221.0,1,1,0,14,8,1,1,34,66,419.0,27,17,202.0,39,217.0,1,1,0,14,8,1,1,1,0,1,39,217.0,27,202.0,66,419.0
401864570,2026,1,regular,New Mexico State,Florida State,away,fbs,fbs,True,17,66,319,43,26,272,23,47,1,1,0,17,10,2,1,17,65,332.0,43,26,272.0,22,60.0,1,1,0,17,10,2,1,17,65,332.0,43,26,272.0,22,60.0,1,1,0,17,10,2,1,1,0,1,22,60.0,43,272.0,65,332.0
401862693,2026,1,regular,UNLV,Memphis,home,fbs,fbs,True,21,79,460,38,25,291,41,169,0,0,0,15,3,5,2,21,78,467.0,38,25,291.0,40,176.0,0,0,0,15,3,5,2,21,78,460.0,38,25,291.0,40,169.0,1,0,1,15,3,5,2,0,1,1,40,169.0,38,291.0,78,460.0
401862693,2026,1,regular,Memphis,UNLV,away,fbs,fbs,True,27,60,418,26,15,223,34,195,1,0,1,11,3,0,0,27,58,397.0,25,14,204.0,33,193.0,0,0,0,11,3,0,0,27,59,416.0,26,15,223.0,33,193.0,0,0,0,11,3,0,0,0,0,0,33,193.0,26,223.0,59,416.0
401858423,2026,1,regular,Rutgers,Massachusetts,home,fbs,fbs,True,21,63,349,38,22,319,25,30,4,3,1,11,3,5,4,21,58,353.0,35,22,319.0,23,34.0,2,2,0,11,3,5,4,21,59,348.0,35,22,319.0,24,29.0,2,2,0,11,3,5,4,2,0,2,24,29.0,35,319.0,59,348.0
401858423,2026,1,regular,Massachusetts,Rutgers,away,fbs,fbs,True,37,63,397,22,19,197,41,200,0,0,0,11,4,1,1,37,62,401.0,22,19,197.0,40,204.0,0,0,0,11,4,1,1,37,63,397.0,22,19,197.0,41,200.0,1,1,0,11,4,1,1,1,0,1,41,200.0,22,197.0,63,397.0
401866409,2026,1,regular,Buffalo,UAlbany,home,fbs,fcs,True,21,80,340,47,26,189,33,151,1,0,1,21,10,0,0,21,79,348.0,47,26,189.0,32,159.0,0,0,0,20,10,0,0,21,80,348.0,47,26,189.0,33,159.0,0,0,0,20,10,0,0,0,0,0,33,159.0,47,189.0,80,348.0
401866409,2026,1,regular,UAlbany,Buffalo,away,fcs,fbs,True,17,72,276,41,19,204,31,72,1,1,0,19,5,2,1,17,72,276.0,41,19,204.0,31,72.0,1,1,0,19,5,2,1,17,72,276.0,41,19,204.0,31,72.0,1,1,0,19,5,2,1,1,0,1,31,72.0,41,204.0,72,276.0
401864425,2026,1,regular,Kennesaw State,West Georgia,home,fbs,fcs,True,47,81,508,34,26,211,47,297,2,1,1,14,7,2,1,47,78,529.0,33,26,226.0,45,303.0,2,1,1,13,7,2,1,47,80,523.0,33,26,226.0,47,297.0,2,1,1,13,7,2,1,1,2,3,47,297.0,33,226.0,80,523.0
401864425,2026,1,regular,West Georgia,Kennesaw State,away,fcs,fbs,True,0,51,160,26,15,111,25,49,2,0,2,12,0,1,0,0,49,157.0,26,15,111.0,23,46.0,1,0,1,12,0,1,0,0,51,160.0,26,15,111.0,25,49.0,1,0,1,12,0,1,0,0,1,1,25,49.0,26,111.0,51,160.0
401864424,2026,1,regular,Delaware,Merrimack,home,fbs,fcs,True,42,73,547,44,24,435,29,112,1,1,0,13,6,1,1,42,70,530.0,42,23,411.0,28,119.0,1,1,0,12,6,1,1,42,71,524.0,42,23,411.0,29,113.0,2,1,1,12,6,1,1,1,1,2,29,113.0,42,411.0,71,524.0
401864424,2026,1,regular,Merrimack,Delaware,away,fcs,fbs,True,7,70,244,45,21,196,25,48,2,1,1,16,4,3,1,7,68,256.0,45,21,196.0,23,60.0,1,1,0,17,4,3,1,7,70,244.0,45,21,196.0,25,48.0,1,1,0,17,4,3,1,1,1,2,25,48.0,45,196.0,70,244.0
401858204,2026,1,regular,Wake Forest,Akron,home,fbs,fbs,True,38,68,559,35,22,356,33,203,0,0,0,15,7,2,2,38,66,562.0,35,22,356.0,31,206.0,0,0,0,14,7,2,2,38,67,555.0,35,22,356.0,32,199.0,0,0,0,14,7,2,2,0,0,0,32,199.0,35,356.0,67,555.0
401858204,2026,1,regular,Akron,Wake Forest,away,fbs,fbs,True,16,69,305,33,28,156,36,149,1,0,1,13,6,1,0,16,67,301.0,33,28,156.0,34,145.0,1,0,1,13,6,1,0,16,68,302.0,33,28,156.0,35,146.0,1,0,1,13,6,1,0,0,1,1,35,146.0,33,156.0,68,302.0
401856767,2026,1,regular,UCF,Bethune-Cookman,home,fbs,fcs,True,73,60,560,22,15,200,38,360,1,1,0,8,5,0,0,73,59,560.0,21,15,200.0,38,360.0,1,1,0,8,5,0,0,73,59,560.0,21,15,200.0,38,360.0,2,2,0,8,5,0,0,2,0,2,38,360.0,21,200.0,59,560.0
401856767,2026,1,regular,Bethune-Cookman,UCF,away,fcs,fbs,True,6,60,181,20,10,74,40,107,2,1,1,16,3,0,0,6,57,184.0,19,10,74.0,38,110.0,0,0,0,15,3,0,0,6,60,183.0,19,10,74.0,41,109.0,0,0,0,15,3,0,0,0,0,0,41,109.0,19,74.0,60,183.0
401858422,2026,1,regular,Minnesota,Eastern Illinois,home,fbs,fcs,True,59,71,495,33,26,348,38,147,1,0,1,15,10,1,1,59,70,477.0,32,25,330.0,38,147.0,1,0,1,15,10,1,1,59,71,495.0,33,26,348.0,38,147.0,1,0,1,15,10,1,1,0,1,1,38,147.0,33,348.0,71,495.0
401858422,2026,1,regular,Eastern Illinois,Minnesota,away,fcs,fbs,True,7,43,110,15,9,59,28,51,0,0,0,13,3,0,0,7,42,113.0,15,9,59.0,27,54.0,0,0,0,13,3,0,0,7,43,110.0,15,9,59.0,28,51.0,0,0,0,13,3,0,0,0,0,0,28,51.0,15,59.0,43,110.0
401856663,2026,1,regular,Missouri,Arkansas-Pine Bluff,home,fbs,fcs,True,54,78,562,33,26,357,45,205,1,0,1,10,6,2,2,54,76,546.0,32,25,348.0,44,198.0,1,0,1,10,6,2,2,54,77,553.0,33,26,357.0,44,196.0,1,0,1,10,6,2,2,0,1,1,44,196.0,33,357.0,77,553.0
401856663,2026,1,regular,Arkansas-Pine Bluff,Missouri,away,fcs,fbs,True,14,53,198,24,11,109,29,89,0,0,0,13,3,1,0,14,51,228.0,23,10,94.0,28,134.0,0,0,0,12,2,0,0,14,52,243.0,24,11,109.0,28,134.0,0,0,0,12,2,0,0,0,0,0,28,134.0,24,109.0,52,243.0
401856776,2026,1,regular,Georgia Tech,Colorado,home,fbs,fbs,True,13,54,288,24,17,237,30,51,1,0,1,13,5,0,0,13,52,293.0,24,17,237.0,28,56.0,0,0,0,13,5,0,0,13,54,288.0,24,17,237.0,30,51.0,0,0,0,13,5,0,0,0,0,0,30,51.0,24,237.0,54,288.0
401856776,2026,1,regular,Colorado,Georgia Tech,away,fbs,fbs,True,14,76,307,27,14,124,49,183,0,0,0,17,7,3,2,14,72,308.0,27,13,116.0,45,192.0,0,0,0,16,7,3,2,14,75,290.0,27,13,116.0,48,174.0,1,0,1,16,7,3,2,0,1,1,48,174.0,27,116.0,75,290.0
401856768,2026,1,regular,Utah,Idaho,home,fbs,fcs,True,66,75,633,26,17,269,49,364,0,0,0,12,8,2,1,66,75,633.0,26,17,269.0,49,364.0,0,0,0,12,8,2,1,66,75,633.0,26,17,269.0,49,364.0,0,0,0,12,8,2,1,0,0,0,49,364.0,26,269.0,75,633.0
401856768,2026,1,regular,Idaho,Utah,away,fcs,fbs,True,14,61,225,30,11,119,31,106,2,1,1,13,3,2,1,14,59,233.0,29,11,119.0,30,114.0,1,1,0,12,3,2,1,14,60,225.0,29,11,119.0,31,106.0,1,1,0,12,3,2,1,1,1,2,31,106.0,29,119.0,60,225.0
401858424,2026,1,regular,Illinois,UAB,home,fbs,fbs,True,42,43,332,17,13,182,26,150,0,0,0,6,3,2,1,42,43,332.0,17,13,182.0,26,150.0,0,0,0,6,3,2,1,42,43,332.0,17,13,182.0,26,150.0,0,0,0,6,3,2,1,0,0,0,26,150.0,17,182.0,43,332.0
401858424,2026,1,regular,UAB,Illinois,away,fbs,fbs,True,23,79,413,31,18,219,48,194,1,1,0,19,10,4,3,23,76,411.0,29,18,219.0,47,192.0,0,0,0,19,10,3,3,23,76,411.0,29,18,219.0,47,192.0,0,0,0,19,10,3,3,1,0,1,47,192.0,29,219.0,76,411.0
401864495,2026,1,regular,Eastern Michigan,San José State,home,fbs,fbs,True,21,68,281,43,24,174,25,107,1,1,0,16,3,4,1,21,68,281.0,43,24,174.0,25,107.0,1,1,0,16,3,4,1,21,68,281.0,43,24,174.0,25,107.0,1,1,0,16,3,4,1,1,0,1,25,107.0,43,174.0,68,281.0
401864495,2026,1,regular,San José State,Eastern Michigan,away,fbs,fbs,True,27,77,453,41,23,316,36,137,2,1,1,16,5,2,1,27,74,457.0,40,23,316.0,34,141.0,0,0,0,16,5,2,1,27,75,458.0,40,23,316.0,35,142.0,0,0,0,16,5,2,1,1,0,1,35,142.0,40,316.0,75,458.0
401866623,2026,1,regular,Georgia State,North Carolina A&T,home,fbs,fcs,True,59,71,563,33,25,279,38,284,0,0,0,12,7,1,1,59,69,550.0,33,25,279.0,36,271.0,0,0,0,12,7,1,1,59,69,550.0,33,25,279.0,36,271.0,0,0,0,12,7,1,1,0,0,0,36,271.0,33,279.0,69,550.0
401866623,2026,1,regular,North Carolina A&T,Georgia State,away,fcs,fbs,True,10,53,209,23,11,125,30,84,0,0,0,14,4,0,0,10,53,210.0,23,11,125.0,30,85.0,0,0,0,15,4,0,0,10,53,210.0,23,11,125.0,30,85.0,0,0,0,15,4,0,0,0,0,0,30,85.0,23,125.0,53,210.0
401858435,2026,1,regular,Purdue,Indiana State,home,fbs,fcs,True,44,74,523,34,27,346,40,177,0,0,0,11,6,1,0,44,73,518.0,34,27,346.0,39,172.0,0,0,0,11,6,1,0,44,73,518.0,34,27,346.0,39,172.0,0,0,0,11,6,1,0,0,0,0,39,172.0,34,346.0,73,518.0
401858435,2026,1,regular,Indiana State,Purdue,away,fcs,fbs,True,19,46,284,22,12,218,24,66,1,1,0,12,4,0,0,19,43,289.0,21,12,218.0,22,71.0,1,1,0,11,4,0,0,19,45,285.0,21,12,218.0,24,67.0,1,1,0,11,4,0,0,1,0,1,24,67.0,21,218.0,45,285.0
401858429,2026,1,regular,Michigan State,Toledo,home,fbs,fbs,True,30,83,397,34,26,247,49,150,0,0,0,18,6,3,2,30,82,392.0,33,25,242.0,49,150.0,0,0,0,18,6,3,2,30,83,397.0,34,26,247.0,49,150.0,0,0,0,18,6,3,2,0,0,0,49,150.0,34,247.0,83,397.0
401858429,2026,1,regular,Toledo,Michigan State,away,fbs,fbs,True,20,41,273,21,12,196,20,77,1,1,0,8,1,1,0,20,40,273.0,20,12,196.0,20,77.0,0,0,0,7,1,1,0,20,40,273.0,20,12,196.0,20,77.0,0,0,0,7,1,1,0,1,0,1,20,77.0,20,196.0,40,273.0
401856664,2026,1,regular,Oklahoma,UTEP,home,fbs,fbs,True,51,58,401,19,12,231,39,170,1,0,1,11,6,0,0,51,58,426.0,20,13,243.0,38,183.0,0,0,0,11,6,0,0,51,59,413.0,20,13,243.0,39,170.0,0,0,0,11,6,0,0,0,0,0,39,170.0,20,243.0,59,413.0
401856664,2026,1,regular,UTEP,Oklahoma,away,fbs,fbs,True,0,56,198,18,10,86,38,112,2,0,2,13,2,2,1,0,54,224.0,18,10,86.0,36,138.0,2,0,2,12,2,3,1,0,56,198.0,18,10,86.0,38,112.0,3,0,3,12,2,3,1,0,3,3,38,112.0,18,86.0,56,198.0
401856769,2026,1,regular,Kansas,Long Island University,home,fbs,fcs,True,51,76,613,25,18,336,51,277,1,0,1,13,8,3,2,51,76,613.0,25,18,336.0,51,277.0,0,0,0,13,8,3,2,51,76,613.0,25,18,336.0,51,277.0,0,0,0,13,8,3,2,0,0,0,51,277.0,25,336.0,76,613.0
401856769,2026,1,regular,Long Island University,Kansas,away,fcs,fbs,True,6,53,146,20,10,111,33,35,1,0,1,13,2,1,1,6,51,150.0,20,10,111.0,31,39.0,1,0,1,12,2,1,1,6,53,155.0,20,10,111.0,33,44.0,1,0,1,12,2,1,1,0,1,1,33,44.0,20,111.0,53,155.0
401858206,2026,1,regular,Stanford,Miami,home,fbs,fbs,True,6,65,299,42,22,221,23,78,0,0,0,15,5,2,0,6,65,299.0,42,22,221.0,23,78.0,0,0,0,15,5,1,0,6,65,299.0,42,22,221.0,23,78.0,0,0,0,15,5,1,0,0,0,0,23,78.0,42,221.0,65,299.0
401858206,2026,1,regular,Miami,Stanford,away,fbs,fbs,True,45,67,549,35,30,428,32,121,2,1,1,11,8,0,0,45,67,549.0,35,30,428.0,32,121.0,1,1,0,11,8,0,0,45,67,549.0,35,30,428.0,32,121.0,1,1,0,11,8,0,0,1,0,1,32,121.0,35,428.0,67,549.0
401858436,2026,1,regular,USC,Fresno State,home,fbs,fbs,True,39,68,552,31,29,412,37,140,2,0,2,8,5,2,1,39,66,539.0,29,27,399.0,37,140.0,0,0,0,8,5,2,1,39,68,552.0,31,29,412.0,37,140.0,0,0,0,8,5,2,1,0,2,2,37,140.0,31,412.0,68,552.0
401858436,2026,1,regular,Fresno State,USC,away,fbs,fbs,True,0,44,116,15,7,77,29,39,2,1,1,10,2,1,0,0,41,133.0,15,7,77.0,26,56.0,1,1,0,8,2,1,0,0,42,133.0,15,7,77.0,27,56.0,1,1,0,8,2,1,0,1,0,1,27,56.0,15,77.0,42,133.0
401856780,2026,1,regular,West Virginia,Coastal Carolina,home,fbs,fbs,True,31,75,413,14,11,132,61,281,1,0,1,18,9,1,1,31,73,417.0,14,11,132.0,59,285.0,1,0,1,17,9,1,1,31,75,413.0,14,11,132.0,61,281.0,1,0,1,17,9,1,1,0,1,1,61,281.0,14,132.0,75,413.0
401856780,2026,1,regular,Coastal Carolina,West Virginia,away,fbs,fbs,True,24,64,425,37,21,373,27,52,2,0,2,10,2,2,1,24,61,413.0,36,20,350.0,25,63.0,1,0,1,10,2,2,1,24,64,425.0,37,21,373.0,27,52.0,1,0,1,10,2,2,1,0,1,1,27,52.0,37,373.0,64,425.0
401858430,2026,1,regular,Nebraska,Ohio,home,fbs,fbs,True,49,74,523,32,18,275,42,248,0,0,0,14,9,2,1,49,72,512.0,31,17,258.0,41,254.0,0,0,0,15,9,2,1,49,73,506.0,31,17,258.0,42,248.0,0,0,0,15,9,2,1,0,0,0,42,248.0,31,258.0,73,506.0
401858430,2026,1,regular,Ohio,Nebraska,away,fbs,fbs,True,21,65,303,32,14,164,33,139,1,1,0,15,6,1,1,21,64,304.0,31,14,164.0,33,140.0,1,1,0,14,6,1,1,21,64,304.0,31,14,164.0,33,140.0,1,1,0,14,6,1,1,1,0,1,33,140.0,31,164.0,64,304.0
401861962,2026,1,regular,UConn,Lafayette,home,fbs,fcs,True,56,73,671,33,25,370,40,301,2,2,0,12,6,3,2,56,69,672.0,30,24,369.0,39,303.0,2,2,0,11,6,2,2,56,70,670.0,30,24,369.0,40,301.0,2,2,0,11,6,2,2,2,0,2,40,301.0,30,369.0,70,670.0
401861962,2026,1,regular,Lafayette,UConn,away,fcs,fbs,True,7,72,209,42,21,145,30,64,0,0,0,18,6,1,0,7,71,204.0,41,20,140.0,30,64.0,0,0,0,17,6,1,0,7,71,204.0,41,20,140.0,30,64.0,0,0,0,17,6,1,0,0,0,0,30,64.0,41,140.0,71,204.0
401858208,2026,1,regular,Syracuse,New Hampshire,home,fbs,fcs,True,66,77,513,34,22,275,43,238,0,0,0,12,8,1,0,66,77,537.0,34,22,275.0,43,262.0,0,0,0,12,8,1,0,66,77,537.0,34,22,275.0,43,262.0,0,0,0,12,8,1,0,0,0,0,43,262.0,34,275.0,77,537.0
401858208,2026,1,regular,New Hampshire,Syracuse,away,fcs,fbs,True,3,60,159,26,15,99,34,60,3,1,2,14,5,0,0,3,56,183.0,25,15,99.0,31,84.0,3,1,2,14,5,1,0,3,58,169.0,25,15,99.0,33,70.0,3,1,2,14,5,1,0,1,2,3,33,70.0,25,99.0,58,169.0
401856778,2026,1,regular,Houston,Oregon State,home,fbs,fbs,True,33,72,533,31,20,305,41,228,2,1,1,13,7,1,1,33,70,526.0,30,20,305.0,40,221.0,1,0,1,13,7,1,1,33,71,533.0,30,20,305.0,41,228.0,1,0,1,13,7,1,1,1,1,2,41,228.0,30,305.0,71,533.0
401856778,2026,1,regular,Oregon State,Houston,away,fbs,fbs,True,20,73,402,48,29,376,25,26,0,0,0,15,4,5,2,20,73,402.0,48,29,376.0,25,26.0,0,0,0,15,4,5,2,20,73,402.0,48,29,376.0,25,26.0,0,0,0,15,4,5,2,0,0,0,25,26.0,48,376.0,73,402.0
401862701,2026,1,regular,Army,Bryant,home,fbs,fcs,True,59,70,648,13,7,79,57,569,0,0,0,9,6,1,1,59,70,648.0,13,7,79.0,57,569.0,0,0,0,9,6,1,1,59,70,648.0,13,7,79.0,57,569.0,0,0,0,9,6,1,1,0,0,0,57,569.0,13,79.0,70,648.0
401862701,2026,1,regular,Bryant,Army,away,fcs,fbs,True,3,53,165,23,11,98,30,67,0,0,0,14,3,1,0,3,52,159.0,22,10,90.0,30,69.0,0,0,0,13,2,1,0,3,53,165.0,23,11,98.0,30,67.0,0,0,0,13,2,1,0,0,0,0,30,67.0,23,98.0,53,165.0
401869960,2026,1,regular,James Madison,Liberty,home,fbs,fbs,True,20,49,291,18,12,118,31,173,0,0,0,10,4,0,0,20,49,291.0,18,12,118.0,31,173.0,0,0,0,10,4,0,0,20,49,291.0,18,12,118.0,31,173.0,0,0,0,10,4,0,0,0,0,0,31,173.0,18,118.0,49,291.0
401869960,2026,1,regular,Liberty,James Madison,away,fbs,fbs,True,13,65,321,27,17,230,38,91,0,0,0,16,7,3,1,13,64,313.0,27,17,230.0,37,83.0,0,0,0,16,7,3,1,13,66,310.0,27,17,230.0,39,80.0,0,0,0,16,7,3,1,0,0,0,39,80.0,27,230.0,66,310.0
401858425,2026,1,regular,Indiana,North Texas,home,fbs,fbs,True,52,46,365,16,13,231,30,134,0,0,0,9,5,2,2,52,46,365.0,16,13,231.0,30,134.0,0,0,0,9,5,2,2,52,46,365.0,16,13,231.0,30,134.0,0,0,0,9,5,2,2,0,0,0,30,134.0,16,231.0,46,365.0
401858425,2026,1,regular,North Texas,Indiana,away,fbs,fbs,True,16,67,367,29,23,215,38,152,1,1,0,15,6,3,1,16,66,367.0,28,23,215.0,38,152.0,1,1,0,15,6,2,1,16,66,367.0,28,23,215.0,38,152.0,1,1,0,15,6,2,1,1,0,1,38,152.0,28,215.0,66,367.0
401856634,2026,1,regular,Alabama,East Carolina,home,fbs,fbs,True,48,81,487,32,19,260,49,227,1,0,1,15,8,1,1,48,79,472.0,31,18,248.0,48,224.0,1,0,1,15,8,1,1,48,79,472.0,31,18,248.0,48,224.0,1,0,1,15,8,1,1,0,1,1,48,224.0,31,248.0,79,472.0
401856634,2026,1,regular,East Carolina,Alabama,away,fbs,fbs,True,10,41,162,19,11,160,22,2,1,1,0,9,0,0,0,10,40,162.0,18,11,160.0,22,2.0,1,1,0,9,0,0,0,10,40,162.0,18,11,160.0,22,2.0,1,1,0,9,0,0,0,1,0,1,22,2.0,18,160.0,40,162.0
401866410,2026,1,regular,Bowling Green,Tarleton State,home,fbs,fcs,True,13,67,366,30,24,262,37,104,2,0,2,13,6,2,1,13,64,367.0,30,24,278.0,34,89.0,1,0,1,13,6,2,1,13,66,381.0,30,24,278.0,36,103.0,1,0,1,13,6,2,1,0,1,1,36,103.0,30,278.0,66,381.0
401866410,2026,1,regular,Tarleton State,Bowling Green,away,fcs,fbs,True,20,57,464,24,16,206,33,258,1,0,1,10,1,5,2,20,56,457.0,24,16,206.0,32,251.0,1,0,1,9,1,5,2,20,57,457.0,24,16,206.0,33,251.0,2,0,2,9,1,5,2,0,2,2,33,251.0,24,206.0,57,457.0
401858432,2026,1,regular,Ohio State,Ball State,home,fbs,fbs,True,56,72,671,37,31,434,35,237,1,1,0,11,5,2,2,56,72,671.0,37,31,434.0,35,237.0,1,1,0,11,5,2,2,56,72,671.0,37,31,434.0,35,237.0,1,1,0,11,5,2,2,1,0,1,35,237.0,37,434.0,72,671.0
401858432,2026,1,regular,Ball State,Ohio State,away,fbs,fbs,True,3,60,165,37,20,120,23,45,1,1,0,14,3,1,0,3,59,165.0,36,20,120.0,23,45.0,0,0,0,13,3,1,0,3,59,165.0,36,20,120.0,23,45.0,0,0,0,13,3,1,0,1,0,1,23,45.0,36,120.0,59,165.0
401858207,2026,1,regular,Pittsburgh,Miami (OH),home,fbs,fbs,True,59,75,646,44,34,480,31,166,0,0,0,10,7,1,0,59,75,646.0,45,35,480.0,30,166.0,0,0,0,11,7,1,0,59,76,646.0,45,35,480.0,31,166.0,0,0,0,11,7,1,0,0,0,0,31,166.0,45,480.0,76,646.0
401858207,2026,1,regular,Miami (OH),Pittsburgh,away,fbs,fbs,True,14,58,289,37,19,261,21,28,1,1,0,13,3,1,1,14,58,276.0,37,19,248.0,21,28.0,1,1,0,14,4,1,1,14,58,276.0,37,19,248.0,21,28.0,1,1,0,14,4,1,1,1,0,1,21,28.0,37,248.0,58,276.0
401856665,2026,1,regular,South Carolina,Kent State,home,fbs,fbs,True,57,72,645,33,27,367,39,278,0,0,0,8,7,0,0,57,70,626.0,32,26,351.0,38,275.0,0,0,0,9,8,0,0,57,72,645.0,33,27,367.0,39,278.0,0,0,0,9,8,0,0,0,0,0,39,278.0,33,367.0,72,645.0
401856665,2026,1,regular,Kent State,South Carolina,away,fbs,fbs,True,0,48,179,23,14,79,25,100,1,1,0,14,5,0,0,0,48,179.0,23,14,79.0,25,100.0,1,1,0,14,5,0,0,0,48,179.0,23,14,79.0,25,100.0,1,1,0,14,5,0,0,1,0,1,25,100.0,23,79.0,48,179.0
401864496,2026,1,regular,Air Force,Duquesne,home,fbs,fcs,True,34,78,450,7,3,19,71,431,0,0,0,15,9,2,2,34,78,450.0,7,3,19.0,71,431.0,0,0,0,15,9,2,2,34,78,450.0,7,3,19.0,71,431.0,0,0,0,15,9,2,2,0,0,0,71,431.0,7,19.0,78,450.0
401864496,2026,1,regular,Duquesne,Air Force,away,fcs,fbs,True,0,43,107,22,9,53,21,54,2,2,0,11,3,0,0,0,42,107.0,21,9,53.0,21,54.0,2,2,0,10,3,0,0,0,42,107.0,21,9,53.0,21,54.0,2,2,0,10,3,0,0,2,0,2,21,54.0,21,53.0,42,107.0
401856659,2026,1,regular,Kentucky,Youngstown State,home,fbs,fcs,True,45,61,506,27,18,301,34,205,0,0,0,8,3,1,1,45,59,502.0,26,17,300.0,33,202.0,0,0,0,8,3,1,1,45,59,502.0,26,17,300.0,33,202.0,0,0,0,8,3,1,1,0,0,0,33,202.0,26,300.0,59,502.0
401856659,2026,1,regular,Youngstown State,Kentucky,away,fcs,fbs,True,13,66,305,38,24,246,28,59,1,0,1,15,8,2,0,13,65,309.0,38,24,246.0,27,63.0,0,0,0,14,8,2,0,13,66,305.0,38,24,246.0,28,59.0,0,0,0,14,8,2,0,0,0,0,28,59.0,38,246.0,66,305.0
401856779,2026,1,regular,Iowa State,Southeast Missouri State,home,fbs,fcs,True,38,48,303,17,9,195,31,108,1,0,1,10,4,0,0,38,48,303.0,17,9,195.0,31,108.0,0,0,0,10,4,0,0,38,48,303.0,17,9,195.0,31,108.0,0,0,0,10,4,0,0,0,0,0,31,108.0,17,195.0,48,303.0
401856779,2026,1,regular,Southeast Missouri State,Iowa State,away,fcs,fbs,True,10,67,209,22,17,142,45,67,3,1,2,16,5,3,2,10,63,247.0,21,16,134.0,42,113.0,2,1,1,15,5,3,2,10,67,259.0,22,17,142.0,45,117.0,2,1,1,15,5,3,2,1,2,3,45,117.0,22,142.0,67,259.0
401862698,2026,1,regular,Temple,Rhode Island,home,fbs,fcs,True,38,61,369,16,9,142,45,227,1,0,1,12,3,2,2,38,59,373.0,16,9,142.0,43,231.0,0,0,0,11,3,2,1,38,61,368.0,16,9,142.0,45,226.0,0,0,0,11,3,2,1,0,0,0,45,226.0,16,142.0,61,368.0
401862698,2026,1,regular,Rhode Island,Temple,away,fcs,fbs,True,14,61,292,31,18,195,30,97,3,2,1,14,6,2,2,14,58,275.0,29,18,195.0,29,80.0,3,2,1,14,6,2,2,14,59,292.0,29,18,195.0,30,97.0,3,2,1,14,6,2,2,2,1,3,30,97.0,29,195.0,59,292.0
401856658,2026,1,regular,Georgia,Tennessee State,home,fbs,fcs,True,63,60,660,33,25,388,27,272,0,0,0,6,4,1,0,63,58,582.0,31,23,310.0,27,272.0,0,0,0,6,4,1,0,63,58,582.0,31,23,310.0,27,272.0,0,0,0,6,4,1,0,0,0,0,27,272.0,31,310.0,58,582.0
401856658,2026,1,regular,Tennessee State,Georgia,away,fcs,fbs,True,3,58,109,26,15,99,32,10,0,0,0,17,6,1,0,3,57,119.0,26,15,99.0,31,20.0,0,0,0,16,6,1,0,3,57,119.0,26,15,99.0,31,20.0,0,0,0,16,6,1,0,0,0,0,31,20.0,26,99.0,57,119.0
401856636,2026,1,regular,Auburn,Baylor,home,fbs,fbs,True,17,76,389,35,26,259,41,130,3,3,0,18,10,1,0,17,71,369.0,31,25,241.0,40,128.0,1,1,0,17,10,1,0,17,72,371.0,31,25,241.0,41,130.0,1,1,0,17,10,1,0,2,0,2,41,130.0,31,241.0,72,371.0
401856636,2026,1,regular,Baylor,Auburn,away,fbs,fbs,True,16,99,436,54,27,333,45,103,2,1,1,22,7,6,4,16,95,451.0,53,27,333.0,42,118.0,2,1,1,20,7,6,4,16,97,438.0,53,27,333.0,44,105.0,3,2,1,20,7,6,4,2,1,3,44,105.0,53,333.0,97,438.0
401862696,2026,1,regular,Navy,Towson,home,fbs,fcs,True,42,79,527,6,3,21,73,506,0,0,0,12,7,3,3,42,78,528.0,6,3,21.0,72,507.0,0,0,0,12,7,3,3,42,79,527.0,6,3,21.0,73,506.0,0,0,0,12,7,3,3,0,0,0,73,506.0,6,21.0,79,527.0
401862696,2026,1,regular,Towson,Navy,away,fcs,fbs,True,15,39,246,19,14,207,20,39,0,0,0,8,2,0,0,15,39,246.0,19,14,207.0,20,39.0,0,0,0,8,2,0,0,15,39,246.0,19,14,207.0,20,39.0,0,0,0,8,2,0,0,0,0,0,20,39.0,19,207.0,39,246.0
401856777,2026,1,regular,Cincinnati,Boston College,home,fbs,fbs,True,34,61,339,15,11,85,46,254,0,0,0,12,5,1,1,34,60,335.0,15,11,85.0,45,250.0,0,0,0,11,4,1,1,34,61,339.0,15,11,85.0,46,254.0,0,0,0,11,4,1,1,0,0,0,46,254.0,15,85.0,61,339.0
401856777,2026,1,regular,Boston College,Cincinnati,away,fbs,fbs,True,15,73,388,35,18,223,38,165,2,1,1,13,4,4,1,15,70,394.0,34,17,224.0,36,170.0,1,1,0,13,4,4,1,15,72,385.0,35,18,223.0,37,162.0,1,1,0,13,4,4,1,1,1,2,37,162.0,35,223.0,72,385.0
401858433,2026,1,regular,Oregon,Boise State,home,fbs,fbs,True,34,63,497,38,28,378,25,119,1,0,1,12,4,3,0,34,64,506.0,39,29,387.0,25,119.0,0,0,0,12,4,3,0,34,64,506.0,39,29,387.0,25,119.0,0,0,0,12,4,3,0,0,0,0,25,119.0,39,387.0,64,506.0
401858433,2026,1,regular,Boise State,Oregon,away,fbs,fbs,True,27,65,274,29,15,181,36,93,0,0,0,15,4,3,2,27,66,276.0,29,15,181.0,37,95.0,0,0,0,15,4,3,2,27,66,276.0,29,15,181.0,37,95.0,0,0,0,15,4,3,2,0,0,0,37,95.0,29,181.0,66,276.0
401866627,2026,1,regular,App State,Maine,home,fbs,fcs,True,55,72,647,33,29,348,39,299,1,0,1,7,2,3,3,55,70,658.0,33,29,348.0,37,310.0,0,0,0,7,2,3,3,55,71,645.0,33,29,348.0,38,297.0,0,0,0,7,2,3,3,0,0,0,38,297.0,33,348.0,71,645.0
401866627,2026,1,regular,Maine,App State,away,fcs,fbs,True,3,60,250,32,18,198,28,52,2,2,0,15,6,2,1,3,59,250.0,31,18,198.0,28,52.0,2,2,0,15,6,2,1,3,59,250.0,31,18,198.0,28,52.0,2,2,0,15,6,2,1,2,0,2,28,52.0,31,198.0,59,250.0
401862700,2026,1,regular,UTSA,UT Rio Grande Valley,home,fbs,fcs,True,45,58,525,29,22,275,29,250,0,0,0,9,3,1,0,45,58,525.0,29,22,275.0,29,250.0,0,0,0,9,3,1,0,45,58,525.0,29,22,275.0,29,250.0,0,0,0,9,3,1,0,0,0,0,29,250.0,29,275.0,58,525.0
401862700,2026,1,regular,UT Rio Grande Valley,UTSA,away,fcs,fbs,True,16,81,422,47,26,245,34,177,2,2,0,18,7,3,1,16,78,448.0,46,26,271.0,32,177.0,2,2,0,18,7,2,1,16,80,448.0,46,26,271.0,34,177.0,2,2,0,18,7,2,1,2,0,2,34,177.0,46,271.0,80,448.0
401864499,2026,1,regular,North Dakota State,Fordham,home,fbs,fcs,True,38,69,373,26,21,245,43,128,0,0,0,14,7,4,3,38,67,364.0,26,21,245.0,41,119.0,0,0,0,14,7,4,3,38,67,364.0,26,21,245.0,41,119.0,0,0,0,14,7,4,3,0,0,0,41,119.0,26,245.0,67,364.0
401864499,2026,1,regular,Fordham,North Dakota State,away,fcs,fbs,True,0,48,135,22,12,116,26,19,4,3,1,12,4,1,1,0,43,160.0,19,12,116.0,24,44.0,2,2,0,9,4,1,1,0,45,135.0,19,12,116.0,26,19.0,2,2,0,9,4,1,1,3,1,4,26,19.0,19,116.0,45,135.0
401858209,2026,1,regular,Duke,Tulane,home,fbs,fbs,True,17,77,381,28,13,131,49,250,1,0,1,18,8,4,1,17,74,374.0,27,12,128.0,47,246.0,0,0,0,17,8,4,1,17,76,378.0,27,12,128.0,49,250.0,0,0,0,17,8,4,1,0,1,1,49,250.0,27,128.0,76,378.0
401858209,2026,1,regular,Tulane,Duke,away,fbs,fbs,True,3,56,258,30,17,204,26,54,1,0,1,14,3,2,0,3,53,220.0,29,16,165.0,24,55.0,1,0,1,14,3,2,0,3,54,259.0,30,17,204.0,24,55.0,1,0,1,14,3,2,0,0,1,1,24,55.0,30,204.0,54,259.0
401858434,2026,1,regular,Penn State,Marshall,home,fbs,fbs,True,45,72,487,27,20,324,45,163,0,0,0,16,8,2,2,45,72,539.0,27,20,376.0,45,163.0,0,0,0,16,8,2,2,45,72,539.0,27,20,376.0,45,163.0,1,0,1,16,8,2,2,0,1,1,45,163.0,27,376.0,72,539.0
401858434,2026,1,regular,Marshall,Penn State,away,fbs,fbs,True,0,54,147,28,19,103,26,44,2,1,1,11,1,1,0,0,51,161.0,28,19,103.0,23,58.0,1,1,0,11,2,1,0,0,54,155.0,28,19,103.0,26,52.0,1,1,0,11,2,1,0,1,0,1,26,52.0,28,103.0,54,155.0
401856667,2026,1,regular,Texas,Texas State,home,fbs,fbs,True,59,70,516,34,26,360,36,156,1,1,0,15,11,2,2,59,70,516.0,34,26,360.0,36,156.0,1,1,0,15,11,2,2,59,70,516.0,34,26,360.0,36,156.0,1,1,0,15,11,2,2,1,0,1,36,156.0,34,360.0,70,516.0
401856667,2026,1,regular,Texas State,Texas,away,fbs,fbs,True,7,70,349,29,20,188,41,161,3,1,2,14,8,3,1,7,66,349.0,28,20,188.0,38,161.0,2,1,1,14,8,3,1,7,69,409.0,28,20,188.0,41,221.0,2,1,1,14,8,3,1,1,1,2,41,221.0,28,188.0,69,409.0
401862694,2026,1,regular,Charlotte,The Citadel,home,fbs,fcs,True,41,74,538,41,28,322,33,216,2,2,0,17,11,2,1,41,71,532.0,38,27,316.0,33,216.0,1,1,0,17,11,2,1,41,71,532.0,38,27,316.0,33,216.0,1,1,0,17,11,2,1,2,0,2,33,216.0,38,316.0,71,532.0
401862694,2026,1,regular,The Citadel,Charlotte,away,fcs,fbs,True,43,63,400,13,9,132,50,268,0,0,0,15,8,1,1,43,63,400.0,13,9,132.0,50,268.0,0,0,0,15,8,1,1,43,63,400.0,13,9,132.0,50,268.0,0,0,0,15,8,1,1,0,0,0,50,268.0,13,132.0,63,400.0
401856666,2026,1,regular,Tennessee,Furman,home,fbs,fcs,True,56,74,638,27,21,309,47,329,2,0,2,11,5,3,2,56,72,636.0,27,21,309.0,45,327.0,0,0,0,10,5,3,2,56,74,638.0,27,21,309.0,47,329.0,0,0,0,10,5,3,2,0,1,1,47,329.0,27,309.0,74,638.0
401856666,2026,1,regular,Furman,Tennessee,away,fcs,fbs,True,9,58,221,22,11,43,36,178,0,0,0,15,4,2,0,9,57,229.0,22,11,50.0,35,179.0,0,0,0,14,4,2,0,9,58,228.0,22,11,50.0,36,178.0,1,0,1,14,4,2,0,0,1,1,36,178.0,22,50.0,58,228.0
401856772,2026,1,regular,Tulsa,Oklahoma State,home,fbs,fbs,True,24,57,361,24,17,227,33,134,1,1,0,11,1,1,1,24,57,361.0,24,17,227.0,33,134.0,0,0,0,11,1,1,1,24,57,361.0,24,17,227.0,33,134.0,0,0,0,11,1,1,1,1,0,1,33,134.0,24,227.0,57,361.0
401856772,2026,1,regular,Oklahoma State,Tulsa,away,fbs,fbs,True,10,86,368,49,29,241,37,127,4,2,2,16,5,6,2,10,83,372.0,48,29,241.0,35,131.0,2,1,1,14,5,5,2,10,85,368.0,48,29,241.0,37,127.0,2,1,1,14,5,5,2,2,1,3,37,127.0,48,241.0,85,368.0
401858426,2026,1,regular,Iowa,Northern Illinois,home,fbs,fbs,True,40,78,507,40,21,218,38,289,1,1,0,14,6,3,0,40,78,507.0,40,21,218.0,38,289.0,1,1,0,14,6,3,0,40,78,507.0,40,21,218.0,38,289.0,1,1,0,14,6,3,0,1,0,1,38,289.0,40,218.0,78,507.0
401858426,2026,1,regular,Northern Illinois,Iowa,away,fbs,fbs,True,0,55,120,24,13,113,31,7,2,1,1,15,3,0,0,0,53,130.0,23,13,113.0,30,17.0,2,1,1,14,3,0,0,0,54,120.0,23,13,113.0,31,7.0,2,1,1,14,3,0,0,1,1,2,31,7.0,23,113.0,54,120.0
401856635,2026,1,regular,Arkansas,North Alabama,home,fbs,fcs,True,31,84,415,35,24,267,49,148,3,1,2,17,10,2,1,31,81,402.0,35,24,267.0,46,135.0,2,1,1,17,10,2,1,31,83,407.0,35,24,267.0,48,140.0,2,1,1,17,10,2,1,1,1,2,48,140.0,35,267.0,83,407.0
401856635,2026,1,regular,North Alabama,Arkansas,away,fcs,fbs,True,14,44,153,24,12,113,20,40,1,0,1,10,1,0,0,14,42,166.0,23,11,113.0,19,53.0,0,0,0,10,1,0,0,14,43,153.0,23,11,113.0,20,40.0,0,0,0,10,1,0,0,0,0,0,20,40.0,23,113.0,43,153.0
401868356,2026,1,regular,Southern Miss,Alcorn State,home,fbs,fcs,True,49,84,543,27,15,226,57,317,1,1,0,12,5,2,2,49,82,539.0,26,15,226.0,56,313.0,1,1,0,10,4,2,2,49,83,543.0,26,15,226.0,57,317.0,1,1,0,10,4,2,2,1,0,1,57,317.0,26,226.0,83,543.0
401868356,2026,1,regular,Alcorn State,Southern Miss,away,fcs,fbs,True,3,58,223,23,15,119,35,104,5,4,1,14,5,0,0,3,57,209.0,22,15,119.0,35,90.0,4,3,1,14,5,0,0,3,58,223.0,22,15,119.0,36,104.0,4,3,1,14,5,0,0,4,1,5,36,104.0,22,119.0,58,223.0
401867973,2026,1,regular,Old Dominion,Norfolk State,home,fbs,fcs,True,31,55,319,13,9,137,42,182,2,1,1,9,5,1,0,31,53,301.0,12,9,137.0,41,164.0,2,1,1,9,5,1,0,31,54,319.0,12,9,137.0,42,182.0,2,1,1,9,5,1,0,1,1,2,42,182.0,12,137.0,54,319.0
401867973,2026,1,regular,Norfolk State,Old Dominion,away,fcs,fbs,True,10,60,220,20,14,94,40,126,3,1,2,15,4,3,0,10,57,217.0,19,14,94.0,38,123.0,1,1,0,13,4,2,0,10,59,249.0,19,14,94.0,40,155.0,1,1,0,13,4,2,0,1,1,2,40,155.0,19,94.0,59,249.0
401860878,2026,1,regular,Colorado State,Wyoming,home,fbs,fbs,True,35,67,396,34,24,242,33,154,0,0,0,15,7,2,2,35,67,396.0,34,24,242.0,33,154.0,0,0,0,15,7,2,2,35,67,396.0,34,24,242.0,33,154.0,0,0,0,15,7,2,2,0,0,0,33,154.0,34,242.0,67,396.0
401860878,2026,1,regular,Wyoming,Colorado State,away,fbs,fbs,True,13,53,273,19,12,130,34,143,4,3,1,8,0,1,0,13,49,278.0,17,12,130.0,32,148.0,2,2,0,7,0,0,0,13,51,284.0,17,12,130.0,34,154.0,2,2,0,7,0,0,0,3,0,3,34,154.0,17,130.0,51,284.0
401868170,2026,1,regular,Georgia Southern,Charleston Southern,home,fbs,fcs,True,31,77,513,47,33,351,30,162,1,0,1,13,5,2,1,32,78,509.0,46,32,341.0,32,168.0,0,0,0,15,6,2,1,32,79,519.0,47,33,351.0,32,168.0,0,0,0,15,6,2,1,0,0,0,32,168.0,47,351.0,79,519.0
401868170,2026,1,regular,Charleston Southern,Georgia Southern,away,fcs,fbs,True,0,60,117,29,9,109,31,8,2,1,1,18,5,1,1,0,59,132.0,29,9,109.0,30,23.0,0,0,0,17,5,1,1,0,60,118.0,29,9,109.0,31,9.0,0,0,0,17,5,1,1,1,1,2,31,9.0,29,109.0,60,118.0
401868140,2026,1,regular,Jacksonville State,Eastern Kentucky,home,fbs,fcs,True,49,61,526,30,23,352,31,174,1,1,0,11,9,1,1,49,61,526.0,30,23,352.0,31,174.0,0,0,0,12,9,1,1,49,61,526.0,30,23,352.0,31,174.0,0,0,0,12,9,1,1,1,0,1,31,174.0,30,352.0,61,526.0
401868140,2026,1,regular,Eastern Kentucky,Jacksonville State,away,fcs,fbs,True,7,57,285,19,12,90,38,195,2,2,0,11,3,2,1,7,53,302.0,17,12,90.0,36,212.0,2,2,0,10,3,2,1,7,55,285.0,17,12,90.0,38,195.0,2,2,0,10,3,2,1,2,0,2,38,195.0,17,90.0,55,285.0
401856771,2026,1,regular,Kansas State,Nicholls,home,fbs,fcs,True,71,71,559,27,20,247,44,312,1,0,1,11,9,0,0,71,69,569.0,27,20,247.0,42,322.0,1,0,1,11,9,0,0,71,71,559.0,27,20,247.0,44,312.0,1,0,1,11,9,0,0,0,1,1,44,312.0,27,247.0,71,559.0
401856771,2026,1,regular,Nicholls,Kansas State,away,fcs,fbs,True,3,58,122,19,7,30,39,92,1,0,1,16,4,1,1,3,55,135.0,19,7,30.0,36,105.0,0,0,0,16,4,1,1,3,58,134.0,19,7,30.0,39,104.0,0,0,0,16,4,1,1,0,0,0,39,104.0,19,30.0,58,134.0
401856770,2026,1,regular,Texas Tech,Abilene Christian,home,fbs,fcs,True,33,73,471,34,26,298,39,173,1,1,0,12,5,1,1,33,73,471.0,34,26,298.0,39,173.0,0,0,0,12,5,1,1,33,73,471.0,34,26,298.0,39,173.0,1,1,0,12,5,1,1,2,0,2,39,173.0,34,298.0,73,471.0
401856770,2026,1,regular,Abilene Christian,Texas Tech,away,fcs,fbs,True,10,61,194,32,18,119,29,75,1,1,0,15,6,1,0,10,59,196.0,31,18,119.0,28,77.0,0,0,0,15,6,1,0,10,60,194.0,31,18,119.0,29,75.0,0,0,0,15,6,1,0,0,0,0,29,75.0,31,119.0,60,194.0
401862699,2026,1,regular,South Florida,Florida International,home,fbs,fbs,True,19,56,208,18,11,100,38,108,0,0,0,13,5,0,0,19,56,208.0,18,11,100.0,38,108.0,0,0,0,13,5,0,0,19,56,208.0,18,11,100.0,38,108.0,0,0,0,13,5,0,0,0,0,0,38,108.0,18,100.0,56,208.0
401862699,2026,1,regular,Florida International,South Florida,away,fbs,fbs,True,9,75,381,50,31,301,25,80,3,2,1,17,5,7,3,9,72,379.0,48,31,301.0,24,78.0,2,2,0,16,5,5,3,9,73,381.0,48,31,301.0,25,80.0,2,2,0,16,5,5,3,2,1,3,25,80.0,48,301.0,73,381.0
401856668,2026,1,regular,Texas A&M,Missouri State,home,fbs,fbs,True,50,85,505,38,25,269,47,236,1,0,1,14,7,2,2,50,84,489.0,37,24,253.0,47,236.0,0,0,0,13,7,2,2,50,85,505.0,38,25,269.0,47,236.0,0,0,0,13,7,2,2,0,2,2,47,236.0,38,269.0,85,505.0
401856668,2026,1,regular,Missouri State,Texas A&M,away,fbs,fbs,True,0,40,67,17,8,30,23,37,3,0,3,10,1,2,1,0,38,78.0,17,8,30.0,21,48.0,1,0,1,11,2,2,1,0,40,74.0,17,8,30.0,23,44.0,1,0,1,11,2,2,1,0,1,1,23,44.0,17,30.0,40,74.0
401862695,2026,1,regular,Memphis,Arkansas State,home,fbs,fbs,True,42,63,523,15,12,188,48,335,2,2,0,9,5,0,0,42,62,523.0,14,12,188.0,48,335.0,2,2,0,9,5,0,0,42,62,523.0,14,12,188.0,48,335.0,2,2,0,9,5,0,0,2,0,2,48,335.0,14,188.0,62,523.0
401862695,2026,1,regular,Arkansas State,Memphis,away,fbs,fbs,True,24,59,434,30,21,325,29,109,4,4,0,10,5,0,0,24,56,438.0,27,21,325.0,29,113.0,3,3,0,9,5,0,0,24,56,434.0,27,21,325.0,29,109.0,3,3,0,9,5,0,0,4,0,4,29,109.0,27,325.0,56,434.0
401868316,2026,1,regular,South Alabama,SE Louisiana,home,fbs,fcs,True,39,86,395,27,18,154,59,241,0,0,0,17,7,4,2,39,84,410.0,27,18,154.0,57,256.0,0,0,0,16,8,4,2,39,85,405.0,27,18,154.0,58,251.0,0,0,0,16,8,4,2,0,0,0,58,251.0,27,154.0,85,405.0
401868316,2026,1,regular,SE Louisiana,South Alabama,away,fcs,fbs,True,14,37,231,20,12,186,17,45,2,2,0,7,0,1,0,14,35,244.0,19,12,186.0,16,58.0,0,0,0,7,0,1,0,14,36,231.0,19,12,186.0,17,45.0,0,0,0,7,0,1,0,2,0,2,17,45.0,19,186.0,36,231.0
401870763,2026,1,regular,Troy,Sam Houston,home,fbs,fbs,True,24,66,342,24,12,165,42,177,0,0,0,15,6,0,0,24,65,352.0,24,12,165.0,41,187.0,0,0,0,15,6,0,0,24,66,343.0,24,12,165.0,42,178.0,1,1,0,15,6,0,0,1,0,1,42,178.0,24,165.0,66,343.0
401870763,2026,1,regular,Sam Houston,Troy,away,fbs,fbs,True,21,70,373,46,30,335,24,38,1,1,0,14,6,1,0,21,69,373.0,45,30,335.0,24,38.0,0,0,0,14,6,1,0,21,69,373.0,45,30,335.0,24,38.0,0,0,0,14,6,1,0,0,0,0,24,38.0,45,335.0,69,373.0
401862697,2026,1,regular,Rice,Houston Christian,home,fbs,fcs,True,31,80,493,10,4,28,70,465,0,0,0,17,11,3,1,31,79,477.0,10,4,28.0,69,449.0,0,0,0,17,11,3,1,31,80,493.0,10,4,28.0,70,465.0,0,0,0,17,11,3,1,0,0,0,70,465.0,10,28.0,80,493.0
401862697,2026,1,regular,Houston Christian,Rice,away,fcs,fbs,True,3,58,244,23,8,96,35,148,1,1,0,13,4,4,0,3,56,246.0,22,8,96.0,34,150.0,1,1,0,13,4,3,0,3,57,252.0,22,8,96.0,35,156.0,1,1,0,13,4,3,0,1,0,1,35,156.0,22,96.0,57,252.0
401860880,2026,1,regular,Utah State,Idaho State,home,fbs,fcs,True,17,88,407,44,20,245,44,162,4,4,0,15,9,4,1,17,85,421.0,40,19,231.0,45,190.0,2,2,0,15,9,4,1,17,86,435.0,41,20,245.0,45,190.0,2,2,0,15,9,4,1,3,0,3,45,190.0,41,245.0,86,435.0
401860880,2026,1,regular,Idaho State,Utah State,away,fcs,fbs,True,29,63,241,33,18,152,30,89,0,0,0,15,5,1,1,29,63,241.0,33,18,152.0,30,89.0,0,0,0,15,5,1,1,29,63,241.0,33,18,152.0,30,89.0,1,1,0,15,5,1,1,1,0,1,30,89.0,33,152.0,63,241.0
401856669,2026,1,regular,Vanderbilt,Austin Peay,home,fbs,fcs,True,28,63,396,25,18,209,38,187,0,0,0,12,4,3,2,28,61,390.0,25,18,209.0,36,181.0,0,0,0,12,4,3,2,28,62,394.0,25,18,209.0,37,185.0,0,0,0,12,4,3,2,0,0,0,37,185.0,25,209.0,62,394.0
401856669,2026,1,regular,Austin Peay,Vanderbilt,away,fcs,fbs,True,9,46,178,21,12,116,25,62,0,0,0,10,1,3,2,9,46,184.0,21,12,116.0,25,68.0,0,0,0,10,1,3,2,9,46,182.0,21,12,116.0,25,66.0,0,0,0,10,1,3,2,0,0,0,25,66.0,21,116.0,46,182.0
401867866,2026,1,regular,Middle Tennessee,Murray State,home,fbs,fcs,True,38,48,396,26,20,200,22,196,0,0,0,7,3,2,1,38,47,395.0,25,19,199.0,22,196.0,0,0,0,7,3,2,1,38,47,395.0,25,19,199.0,22,196.0,0,0,0,7,3,2,1,0,0,0,22,196.0,25,199.0,47,395.0
401867866,2026,1,regular,Murray State,Middle Tennessee,away,fcs,fbs,True,14,49,290,22,13,145,27,145,1,0,1,10,3,2,2,14,48,287.0,22,13,145.0,26,142.0,1,0,1,10,3,2,2,14,49,287.0,22,13,145.0,27,142.0,1,0,1,10,3,2,2,0,1,1,27,142.0,22,145.0,49,287.0
401856662,2026,1,regular,Mississippi State,UL Monroe,home,fbs,fbs,True,62,79,762,42,27,417,37,345,0,0,0,11,5,1,1,62,79,762.0,42,27,417.0,37,345.0,0,0,0,11,5,1,1,62,79,762.0,42,27,417.0,37,345.0,0,0,0,11,5,1,1,0,0,0,37,345.0,42,417.0,79,762.0
401856662,2026,1,regular,UL Monroe,Mississippi State,away,fbs,fbs,True,13,68,278,28,16,140,40,138,0,0,0,16,3,3,2,13,68,264.0,28,16,125.0,40,139.0,0,0,0,16,3,3,2,13,68,264.0,28,16,125.0,40,139.0,0,0,0,16,3,3,2,0,0,0,40,139.0,28,125.0,68,264.0
401858211,2026,1,regular,Virginia Tech,VMI,home,fbs,fcs,True,73,72,619,32,27,351,40,268,2,0,2,8,3,2,1,73,71,607.0,31,26,339.0,40,268.0,1,0,1,8,3,2,1,73,72,613.0,32,27,345.0,40,268.0,1,0,1,8,3,2,1,0,1,1,40,268.0,32,345.0,72,613.0
401858211,2026,1,regular,VMI,Virginia Tech,away,fcs,fbs,True,3,56,83,13,5,87,43,-4,1,1,0,17,2,0,0,3,52,78.0,11,4,54.0,41,24.0,1,1,0,14,2,0,0,3,54,52.0,11,4,54.0,43,-2.0,1,1,0,14,2,0,0,1,0,1,43,-2.0,11,54.0,54,52.0
401856660,2026,1,regular,LSU,Clemson,home,fbs,fbs,True,51,94,644,36,22,335,58,309,1,1,0,16,11,1,1,51,94,644.0,35,22,335.0,59,309.0,1,1,0,16,11,1,1,51,94,644.0,35,22,335.0,59,309.0,1,1,0,16,11,1,1,1,0,1,59,309.0,35,335.0,94,644.0
401856660,2026,1,regular,Clemson,LSU,away,fbs,fbs,True,10,48,145,22,14,105,26,40,1,1,0,13,1,0,0,10,47,145.0,21,14,105.0,26,40.0,1,1,0,12,1,0,0,10,47,145.0,21,14,105.0,26,40.0,1,1,0,12,1,0,0,1,0,1,26,40.0,21,105.0,47,145.0
401869129,2026,1,regular,Louisiana Tech,Northwestern State,home,fbs,fcs,True,80,59,528,22,17,296,37,232,0,0,0,11,7,1,1,80,58,528.0,21,17,296.0,37,232.0,0,0,0,11,7,1,1,80,58,528.0,21,17,296.0,37,232.0,0,0,0,11,7,1,1,0,0,0,37,232.0,21,296.0,58,528.0
401869129,2026,1,regular,Northwestern State,Louisiana Tech,away,fcs,fbs,True,6,61,129,16,5,43,45,86,1,1,0,18,4,1,0,6,60,135.0,16,5,43.0,44,92.0,1,1,0,18,4,1,0,6,61,129.0,16,5,43.0,45,86.0,1,1,0,18,4,1,0,1,0,1,45,86.0,16,43.0,61,129.0
401858428,2026,1,regular,Michigan,Western Michigan,home,fbs,fbs,True,13,48,276,23,12,170,25,106,3,1,2,10,3,1,1,13,46,264.0,22,12,170.0,24,94.0,1,0,1,10,4,1,1,13,47,277.0,22,12,170.0,25,107.0,1,0,1,10,4,1,1,1,1,2,25,107.0,22,170.0,47,277.0
401858428,2026,1,regular,Western Michigan,Michigan,away,fbs,fbs,True,12,67,221,21,15,89,46,132,0,0,0,18,8,1,0,12,65,233.0,21,15,89.0,44,144.0,0,0,0,17,8,1,0,12,67,221.0,22,15,82.0,45,139.0,0,0,0,17,8,1,0,0,0,0,45,139.0,22,82.0,67,221.0
401856637,2026,1,regular,Florida,Florida Atlantic,home,fbs,fbs,True,66,67,624,26,20,343,41,281,1,1,0,9,5,2,2,66,66,624.0,25,20,343.0,41,281.0,1,1,0,8,5,2,2,66,66,624.0,25,20,343.0,41,281.0,2,2,0,8,5,2,2,2,0,2,41,281.0,25,343.0,66,624.0
401856637,2026,1,regular,Florida Atlantic,Florida,away,fbs,fbs,True,21,90,396,53,34,276,37,120,3,2,1,22,11,7,4,21,86,409.0,51,34,276.0,35,133.0,2,1,1,21,11,6,4,21,88,396.0,51,34,276.0,37,120.0,2,1,1,21,11,6,4,1,1,2,37,120.0,51,276.0,88,396.0
401856775,2026,1,regular,BYU,Utah Tech,home,fbs,fcs,True,63,68,521,22,17,213,46,308,0,0,0,11,9,0,0,63,68,521.0,22,17,213.0,46,308.0,0,0,0,11,9,0,0,63,68,521.0,22,17,213.0,46,308.0,0,0,0,11,9,0,0,0,0,0,46,308.0,22,213.0,68,521.0
401856775,2026,1,regular,Utah Tech,BYU,away,fcs,fbs,True,7,56,184,31,15,135,25,49,4,3,1,13,5,1,1,7,54,190.0,30,15,135.0,24,55.0,3,3,0,12,5,1,1,7,55,184.0,30,15,135.0,25,49.0,3,3,0,12,5,1,1,3,1,4,25,49.0,30,135.0,55,184.0
401858431,2026,1,regular,Northwestern,South Dakota State,home,fbs,fcs,True,34,55,497,24,14,273,31,224,0,0,0,12,5,0,0,34,54,493.0,24,14,273.0,30,220.0,0,0,0,12,5,0,0,34,54,493.0,24,14,273.0,30,220.0,0,0,0,12,5,0,0,0,0,0,30,220.0,24,273.0,54,493.0
401858431,2026,1,regular,South Dakota State,Northwestern,away,fcs,fbs,True,18,88,432,48,23,285,40,147,1,1,0,20,8,3,3,18,88,432.0,47,23,285.0,41,147.0,1,1,0,20,8,3,3,18,88,432.0,47,23,285.0,41,147.0,1,1,0,20,8,3,3,1,0,1,41,147.0,47,285.0,88,432.0
401869142,2026,1,regular,Louisiana,Lamar,home,fbs,fcs,True,38,68,474,27,19,231,41,243,3,3,0,8,3,2,1,38,68,477.0,27,20,231.0,41,246.0,1,1,0,8,3,2,1,38,68,474.0,27,20,231.0,41,243.0,1,1,0,8,3,2,1,3,0,3,41,243.0,27,231.0,68,474.0
401869142,2026,1,regular,Lamar,Louisiana,away,fcs,fbs,True,7,60,205,31,18,149,29,56,4,3,1,13,7,2,0,7,57,219.0,30,18,149.0,27,70.0,2,2,0,13,7,2,0,7,59,210.0,30,18,149.0,29,61.0,2,2,0,13,7,2,0,3,1,4,29,61.0,30,149.0,59,210.0
401858427,2026,1,regular,Maryland,Hampton,home,fbs,fcs,True,62,78,646,38,25,281,40,365,0,0,0,14,8,3,2,62,78,646.0,38,25,281.0,40,365.0,0,0,0,14,8,3,2,62,78,646.0,38,25,281.0,40,365.0,0,0,0,14,8,3,2,0,0,0,40,365.0,38,281.0,78,646.0
401858427,2026,1,regular,Hampton,Maryland,away,fcs,fbs,True,0,50,85,19,10,75,31,10,3,3,0,15,4,0,0,0,47,99.0,17,10,75.0,30,24.0,2,2,0,13,4,0,0,0,48,85.0,17,10,75.0,31,10.0,2,2,0,13,4,0,0,3,0,3,31,10.0,17,75.0,48,85.0
401870790,2026,1,regular,New Mexico State,Mercyhurst,home,fbs,fcs,True,51,65,530,23,14,295,42,235,0,0,0,13,7,2,1,51,63,533.0,23,14,318.0,40,215.0,0,0,0,13,7,2,1,51,63,533.0,23,14,318.0,40,215.0,0,0,0,13,7,2,1,0,0,0,40,215.0,23,318.0,63,533.0
401870790,2026,1,regular,Mercyhurst,New Mexico State,away,fcs,fbs,True,14,58,237,31,16,167,27,70,2,2,0,13,5,1,0,14,55,234.0,29,16,167.0,26,67.0,1,1,0,12,5,1,0,14,56,237.0,29,16,167.0,27,70.0,1,1,0,12,5,1,0,1,0,1,27,70.0,29,167.0,56,237.0
401860879,2026,1,regular,San Diego State,Portland State,home,fbs,fcs,True,53,63,394,21,14,157,42,237,3,1,2,12,6,2,1,53,61,370.0,21,14,157.0,40,213.0,2,1,1,11,6,2,1,53,62,382.0,21,14,157.0,41,225.0,3,1,2,11,6,2,1,1,2,3,41,225.0,21,157.0,62,382.0
401860879,2026,1,regular,Portland State,San Diego State,away,fcs,fbs,True,20,82,375,52,31,280,30,95,3,2,1,19,7,5,3,20,80,369.0,51,31,280.0,29,89.0,1,1,0,19,7,5,3,20,81,375.0,51,31,280.0,30,95.0,1,1,0,19,7,5,3,1,0,1,30,95.0,51,280.0,81,375.0
401856773,2026,1,regular,Arizona,Northern Arizona,home,fbs,fcs,True,35,72,520,37,27,314,35,206,3,1,2,12,7,2,2,35,68,469.0,35,26,283.0,33,186.0,2,1,1,12,7,2,2,35,71,520.0,36,27,314.0,35,206.0,2,1,1,12,7,2,2,1,2,3,35,206.0,36,314.0,71,520.0
401856773,2026,1,regular,Northern Arizona,Arizona,away,fcs,fbs,True,7,52,193,31,19,200,21,-7,1,1,0,14,4,3,0,7,51,164.0,31,19,171.0,20,-7.0,1,1,0,14,3,3,0,7,52,164.0,31,19,171.0,21,-7.0,1,1,0,14,3,3,0,1,0,1,21,-7.0,31,171.0,52,164.0
401856774,2026,1,regular,Arizona State,Morgan State,home,fbs,fcs,True,70,71,681,36,26,432,35,249,1,0,1,10,5,5,4,70,69,697.0,36,26,432.0,33,265.0,0,0,0,9,5,5,4,70,71,681.0,36,26,432.0,35,249.0,0,0,0,9,5,5,4,0,0,0,35,249.0,36,432.0,71,681.0
401856774,2026,1,regular,Morgan State,Arizona State,away,fcs,fbs,True,7,49,188,24,11,86,25,102,0,0,0,12,3,1,0,7,49,188.0,24,11,86.0,25,102.0,0,0,0,12,3,1,0,7,49,188.0,24,11,86.0,25,102.0,0,0,0,12,3,1,0,0,0,0,25,102.0,24,86.0,49,188.0
401864497,2026,1,regular,Hawai'i,UNLV,home,fbs,fbs,True,6,76,294,43,17,176,33,118,1,1,0,20,9,2,1,6,74,265.0,41,14,147.0,33,118.0,1,1,0,21,9,2,1,6,76,284.0,43,16,166.0,33,118.0,1,1,0,21,9,2,1,1,0,1,33,118.0,43,166.0,76,284.0
401864497,2026,1,regular,UNLV,Hawai'i,away,fbs,fbs,True,21,61,364,18,8,116,43,248,0,0,0,15,7,2,0,21,61,364.0,18,8,116.0,43,248.0,0,0,0,15,7,2,0,21,61,364.0,18,8,116.0,43,248.0,0,0,0,15,7,2,0,0,0,0,43,248.0,18,116.0,61,364.0
401864498,2026,1,regular,New Mexico,Central Michigan,home,fbs,fbs,True,38,69,364,25,17,159,44,205,0,0,0,13,7,1,1,38,68,352.0,25,17,159.0,43,193.0,0,0,0,13,7,1,1,38,69,367.0,25,17,159.0,44,208.0,0,0,0,13,7,1,1,0,0,0,44,208.0,25,159.0,69,367.0
401864498,2026,1,regular,Central Michigan,New Mexico,away,fbs,fbs,True,7,48,149,16,7,30,32,119,2,1,1,11,2,3,2,7,47,165.0,16,7,30.0,31,135.0,1,1,0,11,2,2,2,7,48,149.0,16,7,30.0,32,119.0,1,1,0,11,2,2,2,1,0,1,32,119.0,16,30.0,48,149.0
401866411,2026,1,regular,Sacramento State,Mississippi Valley State,home,fbs,fcs,True,52,70,453,29,19,250,41,203,2,1,1,14,7,1,1,52,70,465.0,29,19,250.0,41,215.0,1,0,1,14,7,1,1,52,71,462.0,29,19,250.0,42,212.0,1,0,1,14,7,1,1,1,1,2,42,212.0,29,250.0,71,462.0
401866411,2026,1,regular,Mississippi Valley State,Sacramento State,away,fcs,fbs,True,0,53,147,19,9,43,34,104,1,0,1,15,2,1,0,0,50,153.0,19,9,43.0,31,110.0,0,0,0,15,2,1,0,0,51,143.0,19,9,43.0,32,100.0,0,0,0,15,2,1,0,0,0,0,32,100.0,19,43.0,51,143.0
401858210,2026,1,regular,California,UCLA,home,fbs,fbs,True,24,87,410,47,26,291,40,119,3,2,1,21,11,3,0,24,85,416.0,45,26,291.0,40,125.0,2,2,0,19,11,3,0,24,86,416.0,45,26,291.0,41,125.0,2,2,0,19,11,3,0,2,0,2,41,125.0,45,291.0,86,416.0
401858210,2026,1,regular,UCLA,California,away,fbs,fbs,True,45,54,461,22,14,184,32,277,1,1,0,11,6,0,0,45,51,448.0,21,14,184.0,30,264.0,0,0,0,11,5,0,0,45,52,458.0,21,14,184.0,31,274.0,0,0,0,11,5,0,0,1,0,1,31,274.0,21,184.0,52,458.0
401864432,2026,1,regular,Nevada,Western Kentucky,home,fbs,fbs,True,49,58,486,16,9,163,42,323,1,1,0,10,5,2,2,49,57,486.0,15,9,163.0,42,323.0,0,0,0,10,5,2,2,49,57,486.0,15,9,163.0,42,323.0,0,0,0,10,5,2,2,0,0,0,42,323.0,15,163.0,57,486.0
401864432,2026,1,regular,Western Kentucky,Nevada,away,fbs,fbs,True,14,82,367,40,24,203,42,164,2,0,2,17,6,2,1,14,80,374.0,39,23,198.0,41,176.0,0,0,0,16,6,2,1,14,83,374.0,40,24,203.0,43,171.0,0,0,0,16,6,2,1,1,1,2,43,171.0,40,203.0,83,374.0
401858437,2026,1,regular,Washington,Washington State,home,fbs,fbs,True,24,64,402,35,24,268,29,134,0,0,0,12,4,2,0,24,62,403.0,34,23,263.0,28,140.0,0,0,0,12,4,2,0,24,63,397.0,34,23,263.0,29,134.0,0,0,0,12,4,2,0,0,0,0,29,134.0,34,263.0,63,397.0
401858437,2026,1,regular,Washington State,Washington,away,fbs,fbs,True,10,56,242,25,16,142,31,100,3,2,1,9,0,1,1,10,53,240.0,23,16,142.0,30,98.0,1,1,0,10,0,1,1,10,54,244.0,23,16,142.0,31,102.0,1,1,0,10,0,1,1,2,1,3,31,102.0,23,142.0,54,244.0
401856661,2026,1,regular,Ole Miss,Louisville,home,fbs,fbs,True,41,78,488,37,21,336,41,152,2,1,1,16,6,2,1,41,76,504.0,37,21,336.0,39,168.0,2,1,1,16,6,1,1,41,78,488.0,37,21,336.0,41,152.0,2,1,1,16,6,1,1,1,1,2,41,152.0,37,336.0,78,488.0
401856661,2026,1,regular,Louisville,Ole Miss,away,fbs,fbs,True,38,68,469,29,18,307,39,162,0,0,0,16,7,1,0,38,67,501.0,29,18,307.0,38,194.0,0,0,0,16,7,0,0,38,68,469.0,29,18,307.0,39,162.0,0,0,0,16,7,0,0,0,0,0,39,162.0,29,307.0,68,469.0
401858438,2026,1,regular,Notre Dame,Wisconsin,home,fbs,fbs,True,41,61,350,29,19,239,32,111,0,0,0,9,3,1,1,41,59,357.0,29,19,239.0,30,118.0,0,0,0,8,3,1,1,41,61,350.0,29,19,239.0,32,111.0,0,0,0,8,3,1,1,0,0,0,32,111.0,29,239.0,61,350.0
401858438,2026,1,regular,Wisconsin,Notre Dame,away,fbs,fbs,True,13,61,284,30,19,217,31,67,2,1,1,13,5,1,1,13,60,284.0,29,19,217.0,31,67.0,1,1,0,13,5,1,1,13,60,284.0,29,19,217.0,31,67.0,1,1,0,13,5,1,1,1,0,1,31,67.0,29,217.0,60,284.0
401858212,2026,1,regular,Florida State,SMU,home,fbs,fbs,True,24,68,324,23,12,125,45,199,1,0,1,15,2,4,2,24,67,325.0,23,12,123.0,44,202.0,0,0,0,14,2,4,3,24,67,325.0,23,12,123.0,44,202.0,0,0,0,14,2,4,3,0,0,0,44,202.0,23,123.0,67,325.0
401858212,2026,1,regular,SMU,Florida State,away,fbs,fbs,True,27,67,585,36,26,430,31,155,4,2,2,14,8,0,0,27,65,587.0,34,26,432.0,31,155.0,2,2,0,13,8,0,0,27,65,587.0,34,26,432.0,31,155.0,2,2,0,13,8,0,0,2,0,2,31,155.0,34,432.0,65,587.0
401858213,2026,2,regular,Miami,Florida A&M,home,fbs,fcs,True,77,73,856,29,27,426,44,430,1,0,1,3,1,1,0,77,71,839.0,27,25,411.0,44,428.0,1,0,1,2,1,1,0,77,71,839.0,27,25,411.0,44,428.0,1,0,1,2,1,1,0,0,1,1,44,428.0,27,411.0,71,839.0
401858213,2026,2,regular,Florida A&M,Miami,away,fcs,fbs,True,7,47,107,26,11,70,21,37,0,0,0,14,1,0,0,7,46,115.0,26,11,70.0,20,45.0,0,0,0,14,1,0,0,7,47,107.0,26,11,70.0,21,37.0,0,0,0,14,1,0,0,0,0,0,21,37.0,26,70.0,47,107.0
401858215,2026,2,regular,Louisville,Villanova,home,fbs,fcs,True,59,66,635,28,21,375,38,260,0,0,0,8,5,0,0,59,64,626.0,28,21,375.0,36,251.0,0,0,0,8,5,0,0,59,65,632.0,28,21,375.0,37,257.0,0,0,0,8,5,0,0,0,0,0,37,257.0,28,375.0,65,632.0
401858215,2026,2,regular,Villanova,Louisville,away,fcs,fbs,True,13,62,253,34,20,178,28,75,1,0,1,14,4,0,0,13,60,261.0,34,20,178.0,26,83.0,0,0,0,15,4,0,0,13,61,249.0,34,20,178.0,27,71.0,0,0,0,15,4,0,0,0,0,0,27,71.0,34,178.0,61,249.0
401858220,2026,2,regular,Virginia,Norfolk State,home,fbs,fcs,True,59,62,466,24,18,229,38,237,1,1,0,8,4,1,1,59,62,466.0,24,18,229.0,38,237.0,1,1,0,8,4,1,1,59,62,466.0,24,18,229.0,38,237.0,1,1,0,8,4,1,1,1,0,1,38,237.0,24,229.0,62,466.0
401858220,2026,2,regular,Norfolk State,Virginia,away,fcs,fbs,True,3,65,223,34,18,168,31,55,3,3,0,17,4,2,0,3,63,224.0,32,18,168.0,31,56.0,1,1,0,16,4,1,0,3,63,224.0,32,18,168.0,31,56.0,1,1,0,16,4,1,0,3,0,3,31,56.0,32,168.0,63,224.0
401858222,2026,2,regular,NC State,Richmond,home,fbs,fcs,True,73,69,734,24,18,306,45,428,1,0,1,10,8,0,0,73,69,732.0,25,18,306.0,44,426.0,0,0,0,11,8,0,0,73,69,732.0,25,18,306.0,44,426.0,0,0,0,11,8,0,0,0,0,0,44,426.0,25,306.0,69,732.0
401858222,2026,2,regular,Richmond,NC State,away,fcs,fbs,True,0,49,110,27,8,76,22,34,2,1,1,13,2,1,0,0,46,133.0,26,8,76.0,20,57.0,2,1,1,12,2,0,0,0,48,110.0,26,8,76.0,22,34.0,2,1,1,12,2,0,0,1,1,2,22,34.0,26,76.0,48,110.0
401858214,2026,2,regular,Boston College,Rutgers,home,fbs,fbs,True,28,61,402,29,18,252,32,150,3,2,1,12,4,1,1,28,59,391.0,28,18,252.0,31,139.0,2,1,1,12,4,1,1,28,60,402.0,28,18,252.0,32,150.0,2,1,1,12,4,1,1,1,1,2,32,150.0,28,252.0,60,402.0
401858214,2026,2,regular,Rutgers,Boston College,away,fbs,fbs,True,21,68,384,27,18,230,41,154,4,4,0,12,4,5,2,21,65,376.0,24,17,222.0,41,154.0,3,3,0,11,4,4,2,21,66,384.0,25,18,230.0,41,154.0,4,4,0,11,4,4,2,5,0,5,41,154.0,25,230.0,66,384.0
401856678,2026,2,regular,Kansas,Missouri,home,fbs,fbs,True,21,67,255,31,14,174,36,81,3,2,1,15,3,5,3,21,61,261.0,29,13,158.0,32,103.0,0,0,0,15,3,4,3,21,65,239.0,29,13,158.0,36,81.0,0,0,0,15,3,4,3,1,0,1,36,81.0,29,158.0,65,239.0
401856678,2026,2,regular,Missouri,Kansas,away,fbs,fbs,True,38,71,469,30,19,292,41,177,1,0,1,16,7,1,1,38,68,468.0,30,19,292.0,38,176.0,0,0,0,16,7,1,1,38,71,469.0,30,19,292.0,41,177.0,2,1,1,16,7,1,1,1,2,3,41,177.0,30,292.0,71,469.0
401856782,2026,2,regular,Oklahoma State,Oregon,home,fbs,fbs,True,39,83,554,43,26,317,40,237,2,2,0,17,5,1,1,39,83,554.0,43,26,317.0,40,237.0,2,2,0,17,5,2,1,39,84,552.0,43,26,317.0,41,235.0,2,2,0,17,5,2,1,2,1,3,41,235.0,43,317.0,84,552.0
401856782,2026,2,regular,Oregon,Oklahoma State,away,fbs,fbs,True,31,59,281,29,14,191,30,90,1,0,1,14,5,3,0,31,58,288.0,29,14,191.0,29,97.0,1,0,1,14,5,3,0,31,59,283.0,29,14,191.0,30,92.0,1,0,1,14,5,3,0,0,1,1,30,92.0,29,191.0,59,283.0
401858442,2026,2,regular,Temple,Penn State,home,fbs,fbs,True,9,55,283,22,13,107,33,176,1,1,0,12,4,2,2,9,54,283.0,21,13,107.0,33,176.0,1,1,0,12,4,2,2,9,54,283.0,21,13,107.0,33,176.0,1,1,0,12,4,2,2,1,0,1,33,176.0,21,107.0,54,283.0
401858442,2026,2,regular,Penn State,Temple,away,fbs,fbs,True,27,61,416,27,21,268,34,148,0,0,0,12,6,1,0,27,64,351.0,26,20,248.0,38,103.0,0,0,0,12,6,1,0,27,65,371.0,27,21,268.0,38,103.0,0,0,0,12,6,1,0,0,0,0,38,103.0,27,268.0,65,371.0
401868187,2026,2,regular,Liberty,Gardner-Webb,home,fbs,fcs,True,24,66,379,21,8,186,45,193,2,0,2,12,2,2,0,24,64,377.0,21,8,186.0,43,191.0,1,0,1,12,2,2,0,24,65,388.0,21,8,186.0,44,202.0,1,0,1,12,2,2,0,0,1,1,44,202.0,21,186.0,65,388.0
401868187,2026,2,regular,Gardner-Webb,Liberty,away,fcs,fbs,True,23,71,304,38,16,186,33,118,3,2,1,14,5,1,0,23,69,334.0,37,16,186.0,32,148.0,2,2,0,14,5,1,0,23,70,344.0,37,16,186.0,33,158.0,1,1,0,14,5,1,0,1,0,1,33,158.0,37,186.0,70,344.0
401856781,2026,2,regular,Kansas State,Washington State,home,fbs,fbs,True,34,74,487,34,22,192,40,295,2,2,0,16,10,1,0,34,72,487.0,32,22,192.0,40,295.0,1,1,0,16,10,0,0,34,72,487.0,32,22,192.0,40,295.0,1,1,0,16,10,0,0,2,0,2,40,295.0,32,192.0,72,487.0
401856781,2026,2,regular,Washington State,Kansas State,away,fbs,fbs,True,7,50,166,20,9,65,30,101,1,0,1,12,2,1,0,7,49,160.0,20,9,65.0,29,95.0,1,0,1,12,2,1,0,7,50,166.0,20,9,65.0,30,101.0,1,0,1,12,2,1,0,0,1,1,30,101.0,20,65.0,50,166.0
401858224,2026,2,regular,Purdue,Wake Forest,home,fbs,fbs,True,36,82,455,42,32,329,40,126,0,0,0,14,7,1,1,36,81,461.0,42,32,329.0,39,132.0,0,0,0,15,7,1,1,36,82,455.0,42,32,329.0,40,126.0,0,0,0,15,7,1,1,0,0,0,40,126.0,42,329.0,82,455.0
401858224,2026,2,regular,Wake Forest,Purdue,away,fbs,fbs,True,38,68,411,27,16,225,41,186,0,0,0,11,5,1,1,38,67,414.0,27,16,225.0,40,189.0,0,0,0,11,5,1,1,38,68,411.0,27,16,225.0,41,186.0,0,0,0,11,5,1,1,0,0,0,41,186.0,27,225.0,68,411.0
401858221,2026,2,regular,Virginia Tech,Old Dominion,home,fbs,fbs,True,44,86,416,44,32,327,42,89,2,0,2,21,10,3,3,44,85,421.0,44,32,327.0,41,94.0,0,0,0,20,10,3,3,44,86,421.0,44,32,327.0,42,94.0,1,0,1,20,10,3,3,0,1,1,42,94.0,44,327.0,86,421.0
401858221,2026,2,regular,Old Dominion,Virginia Tech,away,fbs,fbs,True,21,52,310,21,13,187,31,123,3,0,3,13,4,2,2,21,45,216.0,19,12,153.0,26,63.0,1,0,1,11,3,1,1,21,49,166.0,19,12,153.0,30,13.0,1,0,1,11,3,1,1,0,1,1,30,13.0,19,153.0,49,166.0
401864571,2026,2,regular,East Carolina,App State,home,fbs,fbs,True,24,72,417,37,21,230,35,187,2,1,1,13,2,2,2,24,72,430.0,38,21,230.0,34,200.0,1,1,0,12,2,3,2,24,73,430.0,38,21,230.0,35,200.0,1,1,0,12,2,3,2,1,0,1,35,200.0,38,230.0,73,430.0
401864571,2026,2,regular,App State,East Carolina,away,fbs,fbs,True,27,72,396,28,20,267,44,129,0,0,0,14,5,0,0,27,71,391.0,28,20,267.0,43,124.0,0,0,0,15,6,0,0,27,72,396.0,28,20,267.0,44,129.0,0,0,0,15,6,0,0,0,0,0,44,129.0,28,267.0,72,396.0
401862702,2026,2,regular,Army,South Florida,home,fbs,fbs,True,24,62,347,11,10,128,51,219,1,0,1,11,4,2,2,24,61,333.0,10,9,114.0,51,219.0,0,0,0,11,4,2,2,24,62,347.0,11,10,128.0,51,219.0,0,0,0,11,4,2,2,0,0,0,51,219.0,11,128.0,62,347.0
401862702,2026,2,regular,South Florida,Army,away,fbs,fbs,True,28,55,369,30,19,239,25,130,0,0,0,11,6,1,1,28,55,369.0,30,19,239.0,25,130.0,0,0,0,11,6,1,1,28,55,369.0,30,19,239.0,25,130.0,1,0,1,11,6,1,1,0,1,1,25,130.0,30,239.0,55,369.0
401856679,2026,2,regular,Michigan,Oklahoma,home,fbs,fbs,True,17,58,263,17,9,111,41,152,0,0,0,13,4,1,1,17,56,262.0,17,9,111.0,39,151.0,0,0,0,12,4,1,1,17,58,263.0,17,9,111.0,41,152.0,0,0,0,12,4,1,1,0,0,0,41,152.0,17,111.0,58,263.0
401856679,2026,2,regular,Oklahoma,Michigan,away,fbs,fbs,True,10,62,289,33,17,189,29,100,2,1,1,13,3,1,0,10,60,283.0,31,16,181.0,29,102.0,2,1,1,12,3,1,0,10,61,291.0,32,17,189.0,29,102.0,2,1,1,12,3,1,0,1,1,2,29,102.0,32,189.0,61,291.0
401867929,2026,2,regular,James Madison,Wagner,home,fbs,fcs,True,87,62,588,27,20,298,35,290,1,0,1,8,5,1,0,87,60,600.0,27,20,298.0,33,302.0,0,0,0,8,5,0,0,87,62,588.0,27,20,298.0,35,290.0,0,0,0,8,5,0,0,0,0,0,35,290.0,27,298.0,62,588.0
401867929,2026,2,regular,Wagner,James Madison,away,fcs,fbs,True,3,67,204,27,14,118,40,86,2,0,2,19,6,1,0,3,66,213.0,27,14,118.0,39,95.0,0,0,0,19,6,1,0,3,67,204.0,27,14,118.0,40,86.0,0,0,0,19,6,1,0,0,0,0,40,86.0,27,118.0,67,204.0
401858439,2026,2,regular,Indiana,Howard,home,fbs,fcs,True,55,62,505,16,9,209,46,296,1,0,1,10,7,2,1,55,60,513.0,16,9,209.0,44,304.0,0,0,0,10,7,2,1,55,61,508.0,16,9,209.0,45,299.0,0,0,0,10,7,2,1,0,0,0,45,299.0,16,209.0,61,508.0
401858439,2026,2,regular,Howard,Indiana,away,fcs,fbs,True,0,47,57,20,10,44,27,13,1,1,0,14,2,1,0,0,45,66.0,19,10,44.0,26,22.0,1,1,0,13,2,1,0,0,46,121.0,19,10,44.0,27,77.0,1,1,0,13,2,1,0,1,0,1,27,77.0,19,44.0,46,121.0
401866416,2026,2,regular,Kent State,Wofford,home,fbs,fcs,True,36,72,448,28,17,253,44,195,3,2,1,19,11,3,0,36,70,466.0,27,17,253.0,43,213.0,1,1,0,18,11,2,0,36,71,466.0,27,17,253.0,44,213.0,1,1,0,18,11,2,0,2,0,2,44,213.0,27,253.0,71,466.0
401866416,2026,2,regular,Wofford,Kent State,away,fcs,fbs,True,15,53,173,27,13,115,26,58,2,2,0,12,0,0,0,15,52,173.0,26,13,115.0,26,58.0,1,1,0,12,0,0,0,15,52,173.0,26,13,115.0,26,58.0,1,1,0,12,0,0,0,2,0,2,26,58.0,26,115.0,52,173.0
401858218,2026,2,regular,North Carolina,East Tennessee State,home,fbs,fcs,True,35,53,427,26,18,266,27,161,0,0,0,9,5,0,0,35,53,427.0,26,18,266.0,27,161.0,0,0,0,9,5,0,0,35,53,427.0,26,18,266.0,27,161.0,0,0,0,9,5,0,0,0,0,0,27,161.0,26,266.0,53,427.0
401858218,2026,2,regular,East Tennessee State,North Carolina,away,fcs,fbs,True,3,67,255,32,23,178,35,77,2,1,1,16,8,1,0,3,64,232.0,32,23,178.0,32,54.0,1,1,0,16,8,1,0,3,65,243.0,32,23,178.0,33,65.0,2,1,1,16,8,1,0,1,1,2,33,65.0,32,178.0,65,243.0
401856683,2026,2,regular,Texas A&M,Arizona State,home,fbs,fbs,True,48,60,255,25,15,163,35,92,1,1,0,12,3,2,1,48,59,265.0,25,15,163.0,34,102.0,1,1,0,12,3,1,1,48,60,255.0,25,15,163.0,35,92.0,1,1,0,12,3,1,1,1,0,1,35,92.0,25,163.0,60,255.0
401856683,2026,2,regular,Arizona State,Texas A&M,away,fbs,fbs,True,20,63,369,34,21,254,29,115,4,2,2,12,3,3,1,20,58,363.0,31,20,254.0,27,109.0,0,0,0,11,3,1,0,20,61,369.0,32,21,254.0,29,115.0,0,0,0,11,3,1,0,1,0,1,29,115.0,32,254.0,61,369.0
401856673,2026,2,regular,Georgia,Western Kentucky,home,fbs,fbs,True,70,60,493,25,16,259,35,234,2,0,2,12,7,0,0,70,56,474.0,25,16,259.0,31,215.0,0,0,0,10,7,0,0,70,59,490.0,25,16,259.0,34,231.0,0,0,0,10,7,0,0,0,2,2,34,231.0,25,259.0,59,490.0
401856673,2026,2,regular,Western Kentucky,Georgia,away,fbs,fbs,True,20,74,225,37,18,115,37,110,4,2,2,20,8,1,1,20,70,232.0,35,18,115.0,35,117.0,3,2,1,19,8,1,1,20,72,225.0,35,18,115.0,37,110.0,3,2,1,19,8,1,1,2,1,3,37,110.0,35,115.0,72,225.0
401866415,2026,2,regular,Central Michigan,Colgate,home,fbs,fcs,True,13,63,276,21,10,76,42,200,3,2,1,16,6,3,3,13,60,283.0,19,10,76.0,41,207.0,1,1,0,14,6,3,3,13,61,276.0,19,10,76.0,42,200.0,1,1,0,14,6,3,3,2,0,2,42,200.0,19,76.0,61,276.0
401866415,2026,2,regular,Colgate,Central Michigan,away,fcs,fbs,True,10,62,219,31,16,124,31,95,4,2,2,14,5,1,1,10,57,228.0,29,16,124.0,28,104.0,1,0,1,12,5,1,1,10,60,219.0,29,16,124.0,31,95.0,1,0,1,12,5,1,1,2,1,3,31,95.0,29,124.0,60,219.0
401866417,2026,2,regular,Miami (OH),Holy Cross,home,fbs,fcs,True,45,54,437,15,14,236,39,201,0,0,0,8,5,0,0,45,53,438.0,15,14,236.0,38,202.0,0,0,0,8,5,0,0,45,54,437.0,15,14,236.0,39,201.0,0,0,0,8,5,0,0,0,0,0,39,201.0,15,236.0,54,437.0
401866417,2026,2,regular,Holy Cross,Miami (OH),away,fcs,fbs,True,7,44,181,25,13,141,19,40,0,0,0,10,3,1,0,7,44,181.0,25,13,141.0,19,40.0,0,0,0,10,3,1,0,7,44,181.0,25,13,141.0,19,40.0,0,0,0,10,3,1,0,0,0,0,19,40.0,25,141.0,44,181.0
401856791,2026,2,regular,West Virginia,UT Martin,home,fbs,fcs,True,52,63,525,12,8,209,51,316,1,0,1,12,8,0,0,52,62,532.0,12,8,209.0,50,323.0,0,0,0,11,8,0,0,52,62,532.0,12,8,209.0,50,323.0,0,0,0,11,8,0,0,0,1,1,50,323.0,12,209.0,62,532.0
401856791,2026,2,regular,UT Martin,West Virginia,away,fcs,fbs,True,7,70,318,33,22,170,37,148,2,1,1,16,7,3,1,7,69,318.0,33,22,170.0,36,148.0,2,1,1,16,7,3,1,7,70,318.0,33,22,170.0,37,148.0,2,1,1,16,7,3,1,1,1,2,37,148.0,33,170.0,70,318.0
401866413,2026,2,regular,Ball State,Stony Brook,home,fbs,fcs,True,41,68,482,32,27,256,36,226,1,1,0,10,3,2,2,41,66,458.0,32,27,256.0,34,202.0,1,1,0,10,3,2,2,41,67,463.0,32,27,256.0,35,207.0,1,1,0,10,3,2,2,1,0,1,35,207.0,32,256.0,67,463.0
401866413,2026,2,regular,Stony Brook,Ball State,away,fcs,fbs,True,17,64,330,36,22,147,28,183,2,2,0,15,4,2,1,17,63,334.0,35,22,147.0,28,187.0,2,2,0,14,4,2,1,17,63,332.0,35,22,147.0,28,185.0,2,2,0,14,4,2,1,2,0,2,28,185.0,35,147.0,63,332.0
401856677,2026,2,regular,Minnesota,Mississippi State,home,fbs,fbs,True,13,63,292,48,31,279,15,13,0,0,0,13,4,3,2,13,63,251.0,48,31,238.0,15,13.0,0,0,0,13,4,3,2,13,63,251.0,48,31,238.0,15,13.0,0,0,0,13,4,3,2,0,0,0,15,13.0,48,238.0,63,251.0
401856677,2026,2,regular,Mississippi State,Minnesota,away,fbs,fbs,True,38,68,479,22,16,227,46,252,1,0,1,10,6,1,1,38,67,484.0,22,16,227.0,45,257.0,0,0,0,10,6,1,1,38,68,484.0,22,16,227.0,46,257.0,0,0,0,10,6,1,1,0,0,0,46,257.0,22,227.0,68,484.0
401856674,2026,2,regular,Kentucky,Alabama,home,fbs,fbs,True,17,64,209,32,18,146,32,63,3,1,2,14,1,4,2,17,59,223.0,30,17,145.0,29,78.0,2,1,1,12,1,5,2,17,62,208.0,30,17,145.0,32,63.0,2,1,1,12,1,5,2,1,1,2,32,63.0,30,145.0,62,208.0
401856674,2026,2,regular,Alabama,Kentucky,away,fbs,fbs,True,45,63,343,23,16,188,40,155,3,2,1,11,5,1,1,45,60,349.0,22,16,188.0,38,161.0,2,2,0,10,5,1,1,45,62,343.0,22,16,188.0,40,155.0,2,2,0,10,5,1,1,2,0,2,40,155.0,22,188.0,62,343.0
401856790,2026,2,regular,Pittsburgh,UCF,home,fbs,fbs,True,12,72,315,29,18,212,43,103,0,0,0,18,5,3,2,12,71,317.0,29,18,212.0,42,105.0,0,0,0,18,5,3,2,12,71,314.0,29,18,212.0,42,102.0,0,0,0,18,5,3,2,0,0,0,42,102.0,29,212.0,71,314.0
401856790,2026,2,regular,UCF,Pittsburgh,away,fbs,fbs,True,7,53,206,31,20,186,22,20,0,0,0,13,4,3,0,13,50,241.0,31,20,186.0,19,55.0,0,0,0,13,4,3,0,13,52,215.0,31,20,186.0,21,29.0,0,0,0,13,4,3,0,0,0,0,21,29.0,31,186.0,52,215.0
401858444,2026,2,regular,UConn,Maryland,home,fbs,fbs,True,14,52,223,21,10,156,31,67,1,0,1,11,3,2,0,14,50,240.0,21,10,156.0,29,84.0,0,0,0,10,3,2,0,14,52,224.0,21,10,156.0,31,68.0,0,0,0,10,3,2,0,0,0,0,31,68.0,21,156.0,52,224.0
401858444,2026,2,regular,Maryland,UConn,away,fbs,fbs,True,38,78,475,42,35,350,36,125,0,0,0,15,8,2,1,38,77,475.0,41,34,350.0,36,125.0,0,0,0,15,8,2,1,38,78,475.0,42,35,350.0,36,125.0,0,0,0,15,8,2,1,0,0,0,36,125.0,42,350.0,78,475.0
401858216,2026,2,regular,Syracuse,California,home,fbs,fbs,True,18,86,436,50,25,318,36,118,3,3,0,17,7,1,1,18,84,431.0,49,26,318.0,35,113.0,2,2,0,15,7,1,1,18,85,437.0,49,26,318.0,36,119.0,2,2,0,15,7,1,1,3,0,3,36,119.0,49,318.0,85,437.0
401858216,2026,2,regular,California,Syracuse,away,fbs,fbs,True,21,60,249,34,21,182,26,67,0,0,0,12,3,1,0,21,60,249.0,34,21,182.0,26,67.0,0,0,0,13,3,1,0,21,60,249.0,34,21,182.0,26,67.0,0,0,0,13,3,1,0,0,0,0,26,67.0,34,182.0,60,249.0
401856785,2026,2,regular,Colorado,Weber State,home,fbs,fcs,True,52,73,578,35,26,398,38,180,2,0,2,13,6,2,2,52,71,585.0,34,25,397.0,37,188.0,0,0,0,13,6,2,2,52,72,585.0,34,25,397.0,38,188.0,0,0,0,13,6,2,2,0,0,0,38,188.0,34,397.0,72,585.0
401856785,2026,2,regular,Weber State,Colorado,away,fcs,fbs,True,21,81,372,52,22,245,29,127,2,1,1,17,8,2,0,21,78,368.0,51,21,245.0,27,123.0,1,0,1,16,7,2,0,21,80,365.0,52,22,245.0,28,120.0,1,0,1,16,7,2,0,1,1,2,28,120.0,52,245.0,80,365.0
401856810,2026,2,regular,BYU,Arizona,home,fbs,fbs,True,28,56,365,26,16,217,30,148,0,0,0,11,6,0,0,28,56,365.0,26,16,217.0,30,148.0,0,0,0,11,6,0,0,28,56,365.0,26,16,217.0,30,148.0,0,0,0,11,6,0,0,0,0,0,30,148.0,26,217.0,56,365.0
401856810,2026,2,regular,Arizona,BYU,away,fbs,fbs,True,17,62,327,31,23,230,31,97,1,1,0,12,5,1,0,17,61,330.0,30,23,230.0,31,100.0,0,0,0,11,5,1,0,17,61,327.0,30,23,230.0,31,97.0,0,0,0,11,5,1,0,1,0,1,31,97.0,30,230.0,61,327.0
401858440,2026,2,regular,Michigan State,Eastern Michigan,home,fbs,fbs,True,35,71,472,26,18,214,45,258,1,0,1,15,10,3,3,35,70,476.0,26,18,214.0,44,262.0,1,0,1,14,9,4,3,35,71,475.0,26,18,214.0,45,261.0,1,0,1,14,9,4,3,0,1,1,45,261.0,26,214.0,71,475.0
401858440,2026,2,regular,Eastern Michigan,Michigan State,away,fbs,fbs,True,7,52,219,26,16,118,26,101,1,0,1,13,6,0,0,7,51,203.0,25,15,98.0,26,105.0,1,0,1,12,6,0,0,7,52,219.0,26,16,118.0,26,101.0,1,0,1,12,6,0,0,0,1,1,26,101.0,26,118.0,52,219.0
401866412,2026,2,regular,Akron,Robert Morris,home,fbs,fcs,True,45,72,523,33,28,282,39,241,1,0,1,11,5,2,1,45,69,511.0,32,27,275.0,37,236.0,0,0,0,10,5,2,1,45,70,518.0,33,28,282.0,37,236.0,0,0,0,10,5,2,1,0,1,1,37,236.0,33,282.0,70,518.0
401866412,2026,2,regular,Robert Morris,Akron,away,fcs,fbs,True,10,49,194,30,20,180,19,14,2,0,2,12,4,0,0,10,46,208.0,29,19,181.0,17,27.0,1,0,1,11,4,0,0,10,49,194.0,30,20,180.0,19,14.0,1,0,1,11,4,0,0,0,1,1,19,14.0,30,180.0,49,194.0
401862708,2026,2,regular,UAB,UL Monroe,home,fbs,fbs,True,26,68,381,16,8,115,52,266,2,1,1,15,10,1,0,26,67,381.0,15,8,115.0,52,266.0,0,0,0,15,10,1,0,26,67,381.0,15,8,115.0,52,266.0,0,0,0,15,10,1,0,0,0,0,52,266.0,15,115.0,67,381.0
401862708,2026,2,regular,UL Monroe,UAB,away,fbs,fbs,True,20,63,257,20,10,56,43,201,1,1,0,12,3,3,1,20,62,257.0,19,10,56.0,43,201.0,0,0,0,12,3,3,1,20,62,257.0,19,10,56.0,43,201.0,1,1,0,12,3,3,1,2,0,2,43,201.0,19,56.0,62,257.0
401866420,2026,2,regular,Massachusetts,Sacred Heart,home,fbs,fcs,True,37,40,315,14,11,163,26,152,0,0,0,9,3,1,1,37,40,315.0,14,11,163.0,26,152.0,0,0,0,9,3,1,1,37,40,315.0,14,11,163.0,26,152.0,0,0,0,9,3,1,1,0,0,0,26,152.0,14,163.0,40,315.0
401866420,2026,2,regular,Sacred Heart,Massachusetts,away,fcs,fbs,True,10,67,303,25,17,160,42,143,1,1,0,13,3,3,2,10,65,300.0,24,17,160.0,41,140.0,1,1,0,11,3,2,1,10,66,303.0,24,17,160.0,42,143.0,1,1,0,11,3,2,1,1,0,1,42,143.0,24,160.0,66,303.0
401858446,2026,2,regular,Washington,Utah State,home,fbs,fbs,True,16,74,356,41,26,249,33,107,0,0,0,17,6,1,0,16,73,356.0,41,26,249.0,32,107.0,0,0,0,16,6,1,0,16,74,356.0,41,26,249.0,33,107.0,0,0,0,16,6,1,0,0,0,0,33,107.0,41,249.0,74,356.0
401858446,2026,2,regular,Utah State,Washington,away,fbs,fbs,True,14,58,271,29,17,196,29,75,3,3,0,13,6,1,0,14,56,271.0,27,17,196.0,29,75.0,1,1,0,13,6,1,0,14,56,271.0,27,17,196.0,29,75.0,1,1,0,13,6,1,0,3,0,3,29,75.0,27,196.0,56,271.0
401866419,2026,2,regular,Toledo,Central Connecticut,home,fbs,fcs,True,63,76,569,31,18,313,45,256,2,1,1,13,8,3,1,63,76,569.0,31,18,313.0,45,256.0,1,1,0,15,9,3,1,63,76,569.0,31,18,313.0,45,256.0,1,1,0,15,9,3,1,1,0,1,45,256.0,31,313.0,76,569.0
401866419,2026,2,regular,Central Connecticut,Toledo,away,fcs,fbs,True,10,58,139,33,13,66,25,73,1,1,0,16,4,0,0,10,58,142.0,33,13,66.0,25,76.0,2,1,1,16,4,0,0,10,58,139.0,33,13,66.0,25,73.0,2,1,1,16,4,0,0,1,1,2,25,73.0,33,66.0,58,139.0
401859184,2026,2,regular,Notre Dame,Rice,home,fbs,fbs,True,52,65,478,33,25,360,32,118,0,0,0,12,7,2,1,52,65,478.0,33,25,360.0,32,118.0,0,0,0,12,7,2,1,52,65,478.0,33,25,360.0,32,118.0,0,0,0,12,7,2,1,0,0,0,32,118.0,33,360.0,65,478.0
401859184,2026,2,regular,Rice,Notre Dame,away,fbs,fbs,True,0,46,128,12,8,64,34,64,4,0,4,12,2,2,2,0,41,124.0,12,8,64.0,29,60.0,4,0,4,10,2,2,2,0,45,129.0,12,8,64.0,33,65.0,4,0,4,10,2,2,2,0,4,4,33,65.0,12,64.0,45,129.0
401860884,2026,2,regular,Texas State,UTSA,home,fbs,fbs,True,26,80,481,30,17,192,50,289,3,2,1,17,9,1,0,26,76,475.0,28,16,195.0,48,280.0,2,1,1,15,9,1,0,26,78,496.0,29,17,218.0,49,278.0,2,1,1,15,9,1,0,1,1,2,49,278.0,29,218.0,78,496.0
401860884,2026,2,regular,UTSA,Texas State,away,fbs,fbs,True,31,74,398,43,29,258,31,140,0,0,0,15,3,6,5,31,74,398.0,43,29,258.0,31,140.0,0,0,0,15,3,6,5,31,74,398.0,43,29,258.0,31,140.0,0,0,0,15,3,6,5,0,0,0,31,140.0,43,258.0,74,398.0
401858217,2026,2,regular,Illinois,Duke,home,fbs,fbs,True,27,68,382,36,24,271,32,111,1,1,0,12,5,3,1,27,67,382.0,35,24,271.0,32,111.0,1,1,0,11,5,3,1,27,67,382.0,35,24,271.0,32,111.0,1,1,0,11,5,3,1,1,0,1,32,111.0,35,271.0,67,382.0
401858217,2026,2,regular,Duke,Illinois,away,fbs,fbs,True,31,57,376,22,15,206,35,170,0,0,0,9,2,2,2,31,55,375.0,21,14,203.0,34,172.0,0,0,0,9,2,2,2,31,56,373.0,21,14,203.0,35,170.0,0,0,0,9,2,2,2,0,0,0,35,170.0,21,203.0,56,373.0
401862705,2026,2,regular,North Texas,UNLV,home,fbs,fbs,True,44,67,444,29,17,261,38,183,0,0,0,13,7,0,0,44,67,447.0,29,17,261.0,38,186.0,0,0,0,13,7,0,0,44,67,447.0,29,17,261.0,38,186.0,0,0,0,13,7,0,0,0,0,0,38,186.0,29,261.0,67,447.0
401862705,2026,2,regular,UNLV,North Texas,away,fbs,fbs,True,6,72,301,33,19,203,39,98,4,1,3,17,7,3,1,6,68,304.0,32,18,196.0,36,108.0,2,0,2,16,7,3,1,6,72,301.0,33,19,203.0,39,98.0,2,0,2,16,7,3,1,1,2,3,39,98.0,33,203.0,72,301.0
401864506,2026,2,regular,Wyoming,Northern Colorado,home,fbs,fcs,True,21,60,304,26,18,149,34,155,2,0,2,12,5,1,1,21,58,301.0,26,18,149.0,32,152.0,1,0,1,11,6,0,0,21,60,313.0,26,18,149.0,34,164.0,1,0,1,11,6,0,0,0,1,1,34,164.0,26,149.0,60,313.0
401864506,2026,2,regular,Northern Colorado,Wyoming,away,fcs,fbs,True,13,62,345,26,14,206,36,139,2,2,0,12,4,2,0,13,62,346.0,26,14,206.0,36,140.0,1,1,0,12,4,2,0,13,62,346.0,26,14,206.0,36,140.0,1,1,0,12,4,2,0,2,0,2,36,140.0,26,206.0,62,346.0
401865252,2026,2,regular,New Mexico,Mercyhurst,home,fbs,fcs,True,70,70,460,18,7,173,52,287,0,0,0,13,5,1,0,70,69,469.0,18,7,173.0,51,296.0,1,0,1,12,5,1,0,70,70,460.0,18,7,173.0,52,287.0,1,0,1,12,5,1,0,0,1,1,52,287.0,18,173.0,70,460.0
401865252,2026,2,regular,Mercyhurst,New Mexico,away,fcs,fbs,True,7,55,155,27,13,137,28,18,6,4,2,13,2,0,0,7,49,189.0,24,13,137.0,25,52.0,3,3,0,11,2,0,0,7,52,155.0,24,13,137.0,28,18.0,3,3,0,11,2,0,0,4,0,4,28,18.0,24,137.0,52,155.0
401868326,2026,2,regular,Troy,Alabama State,home,fbs,fcs,True,34,68,427,29,14,201,39,226,0,0,0,14,3,5,3,34,67,423.0,29,14,201.0,38,222.0,0,0,0,14,3,5,3,34,68,427.0,29,14,201.0,39,226.0,0,0,0,14,3,5,3,0,0,0,39,226.0,29,201.0,68,427.0
401868326,2026,2,regular,Alabama State,Troy,away,fcs,fbs,True,17,58,221,24,13,105,34,116,1,0,1,14,4,2,0,17,58,232.0,25,13,105.0,33,127.0,0,0,0,14,4,2,0,17,60,217.0,25,13,105.0,35,112.0,0,0,0,14,4,2,0,0,0,0,35,112.0,25,105.0,60,217.0
401858223,2026,2,regular,SMU,UC Davis,home,fbs,fcs,True,56,56,547,32,27,454,24,93,0,0,0,10,5,1,0,56,55,547.0,32,27,454.0,23,93.0,0,0,0,10,5,1,0,56,55,547.0,32,27,454.0,23,93.0,0,0,0,10,5,1,0,0,0,0,23,93.0,32,454.0,55,547.0
401858223,2026,2,regular,UC Davis,SMU,away,fcs,fbs,True,10,60,233,36,19,171,24,62,2,1,1,13,2,3,2,10,59,226.0,35,18,164.0,24,62.0,2,1,1,14,2,3,1,10,60,233.0,36,19,171.0,24,62.0,2,1,1,14,2,3,1,1,1,2,24,62.0,36,171.0,60,233.0
401856684,2026,2,regular,Vanderbilt,Delaware,home,fbs,fbs,True,35,69,339,31,17,239,38,100,1,0,1,15,5,4,2,35,67,348.0,31,17,239.0,36,109.0,1,0,1,15,5,4,2,35,68,346.0,31,17,239.0,37,107.0,1,0,1,15,5,4,2,1,1,2,37,107.0,31,239.0,68,346.0
401856684,2026,2,regular,Delaware,Vanderbilt,away,fbs,fbs,True,26,68,338,32,15,240,36,98,2,2,0,15,3,2,2,26,63,357.0,29,14,236.0,34,121.0,0,0,0,15,3,2,2,26,66,338.0,30,15,240.0,36,98.0,0,0,0,15,3,2,2,1,0,1,36,98.0,30,240.0,66,338.0
401856672,2026,2,regular,Florida,Campbell,home,fbs,fcs,True,52,62,514,32,24,300,30,214,2,1,1,9,3,2,1,52,62,514.0,32,24,300.0,30,214.0,1,1,0,9,3,2,1,52,62,514.0,32,24,300.0,30,214.0,1,1,0,9,3,2,1,1,0,1,30,214.0,32,300.0,62,514.0
401856672,2026,2,regular,Campbell,Florida,away,fcs,fbs,True,3,63,210,38,21,148,25,62,2,0,2,18,5,1,1,3,61,199.0,38,21,133.0,23,66.0,2,0,2,17,5,1,1,3,63,195.0,38,21,133.0,25,62.0,2,0,2,17,5,1,1,0,2,2,25,62.0,38,133.0,63,195.0
401860881,2026,2,regular,Boise State,Memphis,home,fbs,fbs,True,38,75,578,28,17,221,47,357,0,0,0,14,6,3,2,38,75,578.0,28,17,221.0,47,357.0,0,0,0,14,6,3,2,38,75,578.0,28,17,221.0,47,357.0,0,0,0,14,6,3,2,0,0,0,47,357.0,28,221.0,75,578.0
401860881,2026,2,regular,Memphis,Boise State,away,fbs,fbs,True,20,52,519,26,17,384,26,135,1,1,0,8,1,2,0,20,51,519.0,25,17,384.0,26,135.0,0,0,0,8,1,2,0,20,51,519.0,25,17,384.0,26,135.0,0,0,0,8,1,2,0,1,0,1,26,135.0,25,384.0,51,519.0
401866418,2026,2,regular,Ohio,Jacksonville State,home,fbs,fbs,True,29,66,262,20,13,97,46,165,0,0,0,17,9,1,1,29,64,257.0,20,13,97.0,44,160.0,0,0,0,17,9,1,1,29,66,262.0,20,13,97.0,46,165.0,0,0,0,17,9,1,1,0,0,0,46,165.0,20,97.0,66,262.0
401866418,2026,2,regular,Jacksonville State,Ohio,away,fbs,fbs,True,27,72,447,26,20,286,46,161,1,0,1,15,9,2,1,27,69,428.0,25,19,279.0,44,149.0,0,0,0,15,9,2,1,27,72,447.0,26,20,286.0,46,161.0,0,0,0,15,9,2,1,0,1,1,46,161.0,26,286.0,72,447.0
401866414,2026,2,regular,Florida International,Buffalo,home,fbs,fbs,True,33,76,540,37,22,386,39,154,1,0,1,17,8,3,1,33,79,537.0,38,22,386.0,41,151.0,1,0,1,17,8,3,1,33,80,543.0,38,22,386.0,42,157.0,1,0,1,17,8,3,1,0,1,1,42,157.0,38,386.0,80,543.0
401866414,2026,2,regular,Buffalo,Florida International,away,fbs,fbs,True,20,66,308,41,22,249,25,59,3,1,2,17,4,3,2,20,65,320.0,41,23,248.0,24,72.0,1,1,0,16,4,3,2,20,67,309.0,41,23,248.0,26,61.0,1,1,0,16,4,3,2,1,0,1,26,61.0,41,248.0,67,309.0
401866421,2026,2,regular,Western Michigan,Monmouth,home,fbs,fcs,True,49,57,414,25,18,266,32,148,0,0,0,9,4,1,1,49,57,414.0,25,18,266.0,32,148.0,0,0,0,9,4,1,1,49,57,414.0,25,18,266.0,32,148.0,0,0,0,9,4,1,1,0,0,0,32,148.0,25,266.0,57,414.0
401866421,2026,2,regular,Monmouth,Western Michigan,away,fcs,fbs,True,14,90,431,46,28,273,44,158,2,0,2,20,11,5,1,14,86,404.0,46,28,273.0,40,131.0,1,0,1,20,11,5,1,14,90,431.0,46,28,273.0,44,158.0,1,0,1,20,11,5,1,0,2,2,44,158.0,46,273.0,90,431.0
401864503,2026,2,regular,Northern Illinois,Illinois State,home,fbs,fcs,True,24,66,308,30,23,196,36,112,2,2,0,14,6,2,1,24,65,308.0,29,23,196.0,36,112.0,0,0,0,14,6,2,1,24,65,308.0,29,23,196.0,36,112.0,0,0,0,14,6,2,1,3,0,3,36,112.0,29,196.0,65,308.0
401864503,2026,2,regular,Illinois State,Northern Illinois,away,fcs,fbs,True,28,63,254,27,21,153,36,101,2,2,0,14,9,0,0,28,62,258.0,26,21,153.0,36,105.0,1,1,0,14,9,0,0,28,62,254.0,26,21,153.0,36,101.0,1,1,0,14,9,0,0,1,0,1,36,101.0,26,153.0,62,254.0
401856787,2026,2,regular,Houston,Southern,home,fbs,fcs,True,77,64,591,19,15,203,45,388,0,0,0,8,8,0,0,77,64,591.0,19,15,203.0,45,388.0,0,0,0,8,8,0,0,77,64,591.0,19,15,203.0,45,388.0,0,0,0,8,8,0,0,0,0,0,45,388.0,19,203.0,64,591.0
401856787,2026,2,regular,Southern,Houston,away,fcs,fbs,True,6,42,121,20,10,127,22,-6,3,1,2,13,1,1,0,6,39,139.0,19,10,127.0,20,12.0,2,1,1,10,1,1,0,6,41,129.0,20,10,127.0,21,2.0,2,1,1,10,1,1,0,1,1,2,21,2.0,20,127.0,41,129.0
401871046,2026,2,regular,Missouri State,Lindenwood,home,fbs,fcs,True,48,78,584,25,21,320,53,264,0,0,0,13,7,3,1,48,78,584.0,25,21,320.0,53,264.0,0,0,0,14,7,3,1,48,78,584.0,25,21,320.0,53,264.0,0,0,0,14,7,3,1,0,0,0,53,264.0,25,320.0,78,584.0
401871046,2026,2,regular,Lindenwood,Missouri State,away,fcs,fbs,True,14,54,223,20,8,105,34,118,2,1,1,13,2,1,1,14,52,215.0,20,8,105.0,32,110.0,2,1,1,12,2,1,1,14,54,223.0,20,8,105.0,34,118.0,2,1,1,12,2,1,1,1,1,2,34,118.0,20,105.0,54,223.0
401871045,2026,2,regular,Marshall,Middle Tennessee,home,fbs,fbs,True,28,61,310,23,15,181,38,129,1,0,1,12,4,0,0,28,59,329.0,23,15,181.0,36,148.0,0,0,0,12,3,0,0,28,60,328.0,23,15,181.0,37,147.0,0,0,0,12,3,0,0,0,0,0,37,147.0,23,181.0,60,328.0
401871045,2026,2,regular,Middle Tennessee,Marshall,away,fbs,fbs,True,26,69,352,47,25,243,22,109,1,1,0,12,3,1,1,26,67,343.0,46,25,243.0,21,100.0,1,1,0,12,3,1,1,26,68,352.0,46,25,243.0,22,109.0,2,1,1,12,3,1,1,1,1,2,22,109.0,46,243.0,68,352.0
401856680,2026,2,regular,South Carolina,Towson,home,fbs,fcs,True,45,67,502,26,11,97,41,405,2,1,1,14,7,3,2,45,65,482.0,26,11,97.0,39,385.0,0,0,0,13,6,3,2,45,67,503.0,26,11,97.0,41,406.0,0,0,0,13,6,3,2,1,1,2,41,406.0,26,97.0,67,503.0
401856680,2026,2,regular,Towson,South Carolina,away,fcs,fbs,True,9,63,203,34,18,182,29,21,0,0,0,16,3,1,1,9,63,200.0,34,18,182.0,29,18.0,0,0,0,16,3,1,1,9,63,200.0,34,18,182.0,29,18.0,0,0,0,16,3,1,1,0,0,0,29,18.0,34,182.0,63,200.0
401858441,2026,2,regular,Nebraska,Bowling Green,home,fbs,fbs,True,56,66,546,32,26,282,34,264,1,1,0,8,5,2,2,56,65,533.0,32,26,282.0,33,251.0,1,1,0,8,5,2,2,56,65,533.0,32,26,282.0,33,251.0,1,1,0,8,5,2,2,1,0,1,33,251.0,32,282.0,65,533.0
401858441,2026,2,regular,Bowling Green,Nebraska,away,fbs,fbs,True,7,48,169,16,10,84,32,85,2,1,1,12,2,1,1,7,44,180.0,15,10,84.0,29,96.0,1,1,0,9,2,1,1,7,46,206.0,15,10,84.0,31,122.0,1,1,0,9,2,1,1,1,0,1,31,122.0,15,84.0,46,206.0
401856681,2026,2,regular,Georgia Tech,Tennessee,home,fbs,fbs,True,24,71,356,40,26,221,31,135,2,2,0,13,7,2,0,24,69,356.0,38,26,221.0,31,135.0,1,1,0,13,7,2,0,24,69,356.0,38,26,221.0,31,135.0,1,1,0,13,7,2,0,2,0,2,31,135.0,38,221.0,69,356.0
401856681,2026,2,regular,Tennessee,Georgia Tech,away,fbs,fbs,True,45,66,447,21,10,148,45,299,0,0,0,14,8,1,1,45,66,447.0,21,10,148.0,45,299.0,0,0,0,14,8,1,1,45,66,447.0,21,10,148.0,45,299.0,0,0,0,14,8,1,1,0,0,0,45,299.0,21,148.0,66,447.0
401856786,2026,2,regular,Cincinnati,Western Carolina,home,fbs,fcs,True,62,80,690,31,28,272,49,418,0,0,0,11,8,2,1,62,78,683.0,30,27,268.0,48,415.0,0,0,0,11,8,2,1,62,78,683.0,30,27,268.0,48,415.0,0,0,0,11,8,2,1,0,0,0,48,415.0,30,268.0,78,683.0
401856786,2026,2,regular,Western Carolina,Cincinnati,away,fcs,fbs,True,10,57,241,37,24,167,20,74,1,1,0,12,2,2,1,10,56,241.0,37,24,167.0,19,74.0,1,1,0,12,2,2,1,10,57,241.0,37,24,167.0,20,74.0,1,1,0,12,2,2,1,1,0,1,20,74.0,37,167.0,57,241.0
401862707,2026,2,regular,Sam Houston,Tulsa,home,fbs,fbs,True,17,66,371,35,24,316,31,55,1,0,1,13,5,2,0,17,63,393.0,35,24,316.0,28,77.0,0,0,0,14,5,1,0,17,64,379.0,35,24,316.0,29,63.0,0,0,0,14,5,1,0,0,0,0,29,63.0,35,316.0,64,379.0
401862707,2026,2,regular,Tulsa,Sam Houston,away,fbs,fbs,True,23,73,367,33,16,126,40,241,0,0,0,17,4,6,4,23,73,367.0,33,16,126.0,40,241.0,0,0,0,17,4,6,4,23,73,367.0,33,16,126.0,40,241.0,0,0,0,17,4,6,4,0,0,0,40,241.0,33,126.0,73,367.0
401869955,2026,2,regular,Kennesaw State,Georgia State,home,fbs,fbs,True,17,56,332,35,22,260,21,72,1,1,0,9,2,1,0,17,56,332.0,35,22,260.0,21,72.0,1,1,0,9,2,1,0,17,56,332.0,35,22,260.0,21,72.0,2,1,1,9,2,1,0,1,1,2,21,72.0,35,260.0,56,332.0
401869955,2026,2,regular,Georgia State,Kennesaw State,away,fbs,fbs,True,31,70,483,23,16,253,47,230,2,1,1,13,6,2,1,31,68,472.0,23,16,253.0,45,219.0,1,1,0,13,6,2,1,31,69,482.0,23,16,253.0,46,229.0,1,1,0,13,6,2,1,1,0,1,46,229.0,23,253.0,69,482.0
401860882,2026,2,regular,Colorado State,Southern Utah,home,fbs,fcs,True,58,69,678,37,22,382,32,296,1,1,0,15,8,1,0,58,69,678.0,37,22,382.0,32,296.0,1,1,0,15,8,1,0,58,69,678.0,37,22,382.0,32,296.0,2,1,1,15,8,1,0,1,1,2,32,296.0,37,382.0,69,678.0
401860882,2026,2,regular,Southern Utah,Colorado State,away,fcs,fbs,True,24,64,442,25,13,236,39,206,4,2,2,14,6,0,0,24,60,404.0,22,11,184.0,38,220.0,3,2,1,13,6,0,0,24,63,450.0,24,13,236.0,39,214.0,3,2,1,13,6,0,0,2,1,3,39,214.0,24,236.0,63,450.0
401868241,2026,2,regular,Arkansas State,West Georgia,home,fbs,fcs,True,52,57,391,17,13,135,40,256,1,0,1,8,5,1,1,52,55,398.0,17,13,135.0,38,263.0,0,0,0,8,5,1,1,52,56,398.0,17,13,135.0,39,263.0,0,0,0,8,5,1,1,0,0,0,39,263.0,17,135.0,56,398.0
401868241,2026,2,regular,West Georgia,Arkansas State,away,fcs,fbs,True,7,58,246,34,19,174,24,72,4,2,2,15,7,1,1,7,54,237.0,31,17,168.0,23,69.0,0,0,0,14,7,1,1,7,55,240.0,31,17,168.0,24,72.0,0,0,0,14,7,1,1,1,1,2,24,72.0,31,168.0,55,240.0
401864575,2026,2,regular,Tulane,South Alabama,home,fbs,fbs,True,28,51,424,22,14,212,29,212,0,0,0,12,6,1,0,28,50,430.0,22,14,212.0,28,218.0,0,0,0,12,6,1,0,28,51,432.0,22,14,212.0,29,220.0,0,0,0,12,6,1,0,0,0,0,29,220.0,22,212.0,51,432.0
401864575,2026,2,regular,South Alabama,Tulane,away,fbs,fbs,True,24,72,478,32,22,296,40,182,0,0,0,16,10,2,0,24,72,482.0,32,22,296.0,40,186.0,0,0,0,16,9,3,1,24,72,478.0,32,22,296.0,40,182.0,0,0,0,16,9,3,1,0,0,0,40,182.0,32,296.0,72,478.0
401858443,2026,2,regular,UCLA,San Diego State,home,fbs,fbs,True,28,66,365,23,14,151,43,214,1,1,0,11,4,1,0,28,65,365.0,22,14,151.0,43,214.0,1,1,0,10,4,1,0,28,65,365.0,22,14,151.0,43,214.0,1,1,0,10,4,1,0,1,0,1,43,214.0,22,151.0,65,365.0
401858443,2026,2,regular,San Diego State,UCLA,away,fbs,fbs,True,10,56,189,18,6,45,38,144,1,1,0,12,2,1,0,10,55,192.0,17,6,45.0,38,147.0,1,1,0,11,2,1,0,10,55,189.0,17,6,45.0,38,144.0,1,1,0,11,2,1,0,1,0,1,38,144.0,17,45.0,55,189.0
401858447,2026,2,regular,Wisconsin,Western Illinois,home,fbs,fcs,True,36,53,406,22,12,173,31,233,0,0,0,12,5,1,0,36,53,406.0,22,12,173.0,31,233.0,0,0,0,12,5,1,0,36,53,406.0,22,12,173.0,31,233.0,0,0,0,12,5,1,0,0,0,0,31,233.0,22,173.0,53,406.0
401858447,2026,2,regular,Western Illinois,Wisconsin,away,fcs,fbs,True,9,62,302,24,15,148,38,154,0,0,0,15,4,2,1,9,62,302.0,24,15,148.0,38,154.0,0,0,0,15,4,2,1,9,62,302.0,24,15,148.0,38,154.0,0,0,0,15,4,2,1,0,0,0,38,154.0,24,148.0,62,302.0
401856682,2026,2,regular,Texas,Ohio State,home,fbs,fbs,True,24,78,336,37,23,195,41,141,2,1,1,16,9,3,2,24,74,327.0,34,21,186.0,40,141.0,1,1,0,15,8,3,2,24,77,336.0,36,23,195.0,41,141.0,1,1,0,15,8,3,2,1,0,1,41,141.0,36,195.0,77,336.0
401856682,2026,2,regular,Ohio State,Texas,away,fbs,fbs,True,23,63,372,32,17,278,31,94,1,1,0,14,6,1,0,23,63,372.0,32,17,278.0,31,94.0,0,0,0,14,6,1,0,23,63,372.0,32,17,278.0,31,94.0,0,0,0,14,6,1,0,1,0,1,31,94.0,32,278.0,63,372.0
401856788,2026,2,regular,Iowa,Iowa State,home,fbs,fbs,True,16,59,284,30,21,191,29,93,0,0,0,15,5,1,0,16,59,284.0,30,21,191.0,29,93.0,0,0,0,15,5,1,0,16,59,284.0,30,21,191.0,29,93.0,0,0,0,15,5,1,0,0,0,0,29,93.0,30,191.0,59,284.0
401856788,2026,2,regular,Iowa State,Iowa,away,fbs,fbs,True,13,53,255,19,10,117,34,138,0,0,0,13,4,0,0,13,53,255.0,19,10,117.0,34,138.0,0,0,0,13,4,0,0,13,53,255.0,19,10,117.0,34,138.0,0,0,0,13,4,0,0,0,0,0,34,138.0,19,117.0,53,255.0
401868008,2026,2,regular,Coastal Carolina,Fordham,home,fbs,fcs,True,45,69,460,28,13,209,41,251,0,0,0,13,6,1,0,45,68,461.0,28,13,209.0,40,252.0,0,0,0,14,6,1,0,45,69,460.0,28,13,209.0,41,251.0,0,0,0,14,6,1,0,0,0,0,41,251.0,28,209.0,69,460.0
401868008,2026,2,regular,Fordham,Coastal Carolina,away,fcs,fbs,True,7,54,215,21,9,101,33,114,4,3,1,11,2,0,0,7,53,221.0,21,9,101.0,32,120.0,1,1,0,11,2,0,0,7,54,221.0,21,9,101.0,33,120.0,1,1,0,11,2,0,0,3,1,4,33,120.0,21,101.0,54,221.0
401867796,2026,2,regular,LSU,Louisiana Tech,home,fbs,fbs,True,45,85,528,41,27,381,44,147,4,3,1,17,8,1,1,45,80,489.0,37,26,369.0,43,120.0,2,1,1,15,8,1,1,45,81,524.0,38,27,404.0,43,120.0,2,1,1,15,8,1,1,3,1,4,43,120.0,38,404.0,81,524.0
401867796,2026,2,regular,Louisiana Tech,LSU,away,fbs,fbs,True,14,55,140,24,14,143,31,-3,3,1,2,14,3,2,0,14,51,120.0,21,12,126.0,30,-6.0,2,0,2,12,3,2,0,14,54,140.0,23,14,143.0,31,-3.0,2,0,2,12,3,2,0,1,2,3,31,-3.0,23,143.0,54,140.0
401862703,2026,2,regular,Florida Atlantic,Navy,home,fbs,fbs,True,38,77,428,33,27,386,44,42,0,0,0,14,8,3,1,38,75,481.0,33,27,393.0,42,88.0,0,0,0,14,8,2,1,38,77,483.0,34,28,391.0,43,92.0,0,0,0,14,8,2,1,0,0,0,43,92.0,34,391.0,77,483.0
401862703,2026,2,regular,Navy,Florida Atlantic,away,fbs,fbs,True,30,59,393,23,9,147,36,246,2,1,1,11,3,3,2,30,55,374.0,20,9,147.0,35,227.0,2,1,1,11,3,3,2,30,56,393.0,20,9,147.0,36,246.0,2,1,1,11,3,3,2,1,1,2,36,246.0,20,147.0,56,393.0
401858219,2026,2,regular,Clemson,Georgia Southern,home,fbs,fbs,True,22,74,347,35,20,197,39,150,2,1,1,14,2,0,0,22,72,345.0,35,20,197.0,37,148.0,2,1,1,13,2,0,0,22,74,347.0,35,20,197.0,39,150.0,2,1,1,13,2,0,0,1,1,2,39,150.0,35,197.0,74,347.0
401858219,2026,2,regular,Georgia Southern,Clemson,away,fbs,fbs,True,7,66,266,48,27,244,18,22,1,0,1,17,4,2,0,7,65,256.0,48,27,244.0,17,12.0,0,0,0,17,4,2,0,7,66,266.0,48,27,244.0,18,22.0,0,0,0,17,4,2,0,0,0,0,18,22.0,48,244.0,66,266.0
401856783,2026,2,regular,Oregon State,Texas Tech,home,fbs,fbs,True,24,71,472,52,32,417,19,55,1,1,0,15,4,3,1,24,70,472.0,51,32,417.0,19,55.0,1,1,0,14,4,3,1,24,70,472.0,51,32,417.0,19,55.0,1,1,0,14,4,3,1,1,0,1,19,55.0,51,417.0,70,472.0
401856783,2026,2,regular,Texas Tech,Oregon State,away,fbs,fbs,True,35,74,352,28,21,197,46,155,1,0,1,16,8,1,1,35,72,350.0,28,21,197.0,44,153.0,0,0,0,16,8,1,1,35,74,348.0,28,21,197.0,46,151.0,0,0,0,16,8,1,1,0,0,0,46,151.0,28,197.0,74,348.0
401856671,2026,2,regular,Auburn,Southern Miss,home,fbs,fbs,True,43,84,610,33,20,267,51,343,1,0,1,15,7,5,4,43,83,594.0,34,21,270.0,49,324.0,0,0,0,15,7,5,4,43,85,613.0,34,21,270.0,51,343.0,0,0,0,15,7,5,4,0,1,1,51,343.0,34,270.0,85,613.0
401856671,2026,2,regular,Southern Miss,Auburn,away,fbs,fbs,True,8,58,221,33,22,171,25,50,2,2,0,13,5,2,0,8,56,224.0,32,22,171.0,24,53.0,1,1,0,13,5,2,0,8,56,224.0,32,22,171.0,24,53.0,1,1,0,13,5,2,0,1,0,1,24,53.0,32,171.0,56,224.0
401856676,2026,2,regular,Ole Miss,Charlotte,home,fbs,fbs,True,41,58,420,34,27,293,24,127,1,1,0,4,1,0,0,41,58,420.0,34,27,293.0,24,127.0,1,1,0,4,1,0,0,41,58,420.0,34,27,293.0,24,127.0,1,1,0,4,1,0,0,1,0,1,24,127.0,34,293.0,58,420.0
401856676,2026,2,regular,Charlotte,Ole Miss,away,fbs,fbs,True,9,61,322,28,20,179,33,143,1,1,0,14,3,1,1,9,60,322.0,27,20,179.0,33,143.0,0,0,0,13,3,1,1,9,60,322.0,27,20,179.0,33,143.0,0,0,0,13,3,1,1,1,0,1,33,143.0,27,179.0,60,322.0
401856789,2026,2,regular,TCU,Grambling,home,fbs,fcs,True,63,69,676,32,24,391,37,285,1,0,1,7,2,2,2,63,68,644.0,32,24,391.0,36,253.0,1,0,1,7,2,2,2,63,69,676.0,32,24,391.0,37,285.0,1,0,1,7,2,2,2,0,1,1,37,285.0,32,391.0,69,676.0
401856789,2026,2,regular,Grambling,TCU,away,fcs,fbs,True,7,53,210,25,14,190,28,20,2,2,0,14,1,0,0,7,51,211.0,24,14,190.0,27,21.0,1,1,0,13,1,0,0,7,52,210.0,24,14,190.0,28,20.0,1,1,0,13,1,0,0,2,0,2,28,20.0,24,190.0,52,210.0
401856784,2026,2,regular,Baylor,Prairie View A&M,home,fbs,fcs,True,44,84,552,42,25,320,42,232,3,3,0,14,8,2,2,44,81,556.0,39,25,320.0,42,236.0,0,0,0,14,8,2,2,44,81,556.0,39,25,320.0,42,236.0,0,0,0,14,8,2,2,2,0,2,42,236.0,39,320.0,81,556.0
401856784,2026,2,regular,Prairie View A&M,Baylor,away,fcs,fbs,True,3,52,110,27,14,74,25,36,1,0,1,16,4,0,0,3,52,160.0,26,12,79.0,26,81.0,1,0,1,17,5,0,0,3,55,175.0,28,14,83.0,27,92.0,1,0,1,17,5,0,0,1,1,2,27,92.0,28,83.0,55,175.0
401864504,2026,2,regular,San José State,Cal Poly,home,fbs,fcs,True,30,78,493,34,22,238,44,255,1,0,1,12,3,1,1,30,77,489.0,34,22,238.0,43,251.0,1,0,1,11,3,1,1,30,78,493.0,34,22,238.0,44,255.0,1,0,1,11,3,1,1,0,1,1,44,255.0,34,238.0,78,493.0
401864504,2026,2,regular,Cal Poly,San José State,away,fcs,fbs,True,20,69,340,40,24,249,29,91,2,2,0,14,7,2,1,20,67,343.0,39,24,249.0,28,94.0,1,1,0,14,7,2,1,20,68,340.0,39,24,249.0,29,91.0,1,1,0,14,7,2,1,2,0,2,29,91.0,39,249.0,68,340.0
401864505,2026,2,regular,UTEP,Texas Southern,home,fbs,fcs,True,51,54,491,21,14,239,33,252,1,0,1,10,5,1,1,51,52,454.0,20,13,210.0,32,244.0,2,0,2,10,5,1,1,51,54,491.0,21,14,239.0,33,252.0,2,0,2,10,5,1,1,0,2,2,33,252.0,21,239.0,54,491.0
401864505,2026,2,regular,Texas Southern,UTEP,away,fcs,fbs,True,10,62,211,22,13,99,40,112,2,1,1,17,6,1,1,10,59,209.0,22,13,99.0,37,110.0,1,1,0,16,6,1,1,10,62,211.0,22,13,99.0,40,112.0,1,1,0,16,6,1,1,1,0,1,40,112.0,22,99.0,62,211.0
401864502,2026,2,regular,Air Force,North Dakota State,home,fbs,fbs,True,32,66,386,15,9,179,51,207,1,1,0,14,6,2,2,32,65,386.0,14,9,179.0,51,207.0,1,1,0,13,6,2,2,32,65,386.0,14,9,179.0,51,207.0,1,1,0,13,6,2,2,1,0,1,51,207.0,14,179.0,65,386.0
401864502,2026,2,regular,North Dakota State,Air Force,away,fbs,fbs,True,38,60,374,23,15,228,37,146,1,1,0,12,4,3,3,38,59,379.0,22,15,228.0,37,151.0,1,1,0,11,4,3,3,38,59,379.0,22,15,228.0,37,151.0,1,1,0,11,4,3,3,1,0,1,37,151.0,22,228.0,59,379.0
401856670,2026,2,regular,Utah,Arkansas,home,fbs,fbs,True,43,62,442,28,20,301,34,141,1,1,0,9,5,2,1,43,58,430.0,26,19,297.0,32,133.0,1,1,0,9,5,2,1,43,60,438.0,26,19,297.0,34,141.0,1,1,0,9,5,2,1,1,0,1,34,141.0,26,297.0,60,438.0
401856670,2026,2,regular,Arkansas,Utah,away,fbs,fbs,True,10,76,305,48,22,244,28,61,1,1,0,17,7,4,2,10,75,305.0,47,22,244.0,28,61.0,0,0,0,17,7,4,2,10,75,305.0,47,22,244.0,28,61.0,0,0,0,17,7,4,2,1,0,1,28,61.0,47,244.0,75,305.0
401860883,2026,2,regular,Fresno State,Sacramento State,home,fbs,fbs,True,49,63,542,30,26,349,33,193,0,0,0,8,4,1,0,49,62,544.0,30,26,351.0,32,193.0,0,0,0,9,4,1,0,49,63,544.0,30,26,351.0,33,193.0,0,0,0,9,4,1,0,0,0,0,33,193.0,30,351.0,63,544.0
401860883,2026,2,regular,Sacramento State,Fresno State,away,fbs,fbs,True,3,65,262,31,15,150,34,112,1,1,0,13,3,4,1,3,64,267.0,31,16,153.0,33,114.0,1,1,0,13,3,5,2,3,65,265.0,31,16,153.0,34,112.0,1,1,0,13,3,5,2,1,0,1,34,112.0,31,153.0,65,265.0
401864500,2026,2,regular,Nevada,Montana State,home,fbs,fcs,True,7,71,349,36,19,167,35,182,4,3,1,13,4,4,1,7,69,343.0,34,18,161.0,35,182.0,1,0,1,13,4,4,1,7,70,349.0,35,19,167.0,35,182.0,1,0,1,13,4,4,1,3,1,4,35,182.0,35,167.0,70,349.0
401864500,2026,2,regular,Montana State,Nevada,away,fcs,fbs,True,20,63,330,23,15,179,40,151,0,0,0,13,5,0,0,20,62,342.0,23,15,179.0,39,163.0,0,0,0,13,5,0,0,20,63,330.0,23,15,179.0,40,151.0,0,0,0,13,5,0,0,0,0,0,40,151.0,23,179.0,63,330.0
401858445,2026,2,regular,USC,Louisiana,home,fbs,fbs,True,49,71,483,31,20,269,40,214,1,1,0,15,11,1,1,49,70,476.0,30,20,269.0,40,207.0,1,1,0,13,9,1,1,49,71,484.0,30,20,269.0,41,215.0,1,1,0,13,9,1,1,1,0,1,41,215.0,30,269.0,71,484.0
401858445,2026,2,regular,Louisiana,USC,away,fbs,fbs,True,30,52,358,22,16,212,30,146,0,0,0,10,3,0,0,30,51,362.0,22,16,212.0,29,150.0,0,0,0,10,3,0,0,30,52,358.0,22,16,212.0,30,146.0,0,0,0,10,3,0,0,0,0,0,30,146.0,22,212.0,52,358.0
401864578,2026,2,regular,Hawai'i,New Mexico State,home,fbs,fbs,True,29,72,420,46,34,353,26,67,1,0,1,15,5,1,1,29,73,423.0,47,34,353.0,26,70.0,1,0,1,14,5,1,1,29,74,507.0,47,34,353.0,27,154.0,1,0,1,14,5,1,1,0,1,1,27,154.0,47,353.0,74,507.0
401864578,2026,2,regular,New Mexico State,Hawai'i,away,fbs,fbs,True,19,66,380,35,19,256,31,124,3,2,1,10,4,1,0,19,61,389.0,34,19,241.0,27,148.0,1,1,0,8,4,1,0,19,65,413.0,34,19,253.0,31,160.0,1,1,0,8,4,1,0,2,1,3,31,160.0,34,253.0,65,413.0
401858225,2026,3,regular,Pittsburgh,Syracuse,home,fbs,fbs,True,27,60,368,23,10,123,37,245,1,1,0,10,5,0,0,27,59,368.0,22,10,123.0,37,245.0,0,0,0,10,5,0,0,27,59,368.0,22,10,123.0,37,245.0,0,0,0,10,5,0,0,1,0,1,37,245.0,22,123.0,59,368.0
401858225,2026,3,regular,Syracuse,Pittsburgh,away,fbs,fbs,True,13,70,347,32,20,205,38,142,2,2,0,14,5,1,0,13,68,347.0,30,20,205.0,38,142.0,2,2,0,13,5,1,0,13,68,347.0,30,20,205.0,38,142.0,2,2,0,13,5,1,0,2,0,2,38,142.0,30,205.0,68,347.0
