team,gamesPlayed,avgMarginVsAll,avgWinProbVsAll,opponentsSimulated,rank,netAprRank,netApr,record
Indiana,2,23.68,0.8993,135,1,7,14.622,3-0
Miami,2,20.24,0.8612,135,2,25,7.306,3-0
Notre Dame,2,19.29,0.8504,135,3,2,19.621,3-0
Ohio State,2,18.48,0.8401,135,4,15,11.377,2-1
Texas A&M,2,16.35,0.8094,135,5,22,8.134,2-1
Georgia,2,16.06,0.8048,135,6,35,5.919,3-0
USC,3,15.92,0.8044,135,7,10,13.117,4-0
Utah,2,14.68,0.7842,135,8,8,13.653,3-0
Alabama,2,13.83,0.7711,135,9,6,14.973,3-0
LSU,2,13.25,0.7606,135,10,14,11.458,2-1
James Madison,2,12.83,0.7542,135,11,27,7.095,3-0
Florida,2,12.48,0.7485,135,12,11,13.101,3-0
Virginia,2,12.28,0.7446,135,13,43,4.125,2-1
Texas Tech,2,12.22,0.7433,135,14,62,0.935,3-0
Oklahoma,2,12.04,0.7406,135,15,13,11.496,2-1
Pittsburgh,3,11.89,0.738,135,16,18,9.813,3-0
Ole Miss,2,11.61,0.7333,135,17,12,12.436,3-0
Oregon,2,11.59,0.7325,135,18,59,1.324,2-1
Missouri,2,11.55,0.7321,135,19,53,2.288,3-0
BYU,2,10.97,0.7223,135,20,16,9.975,3-0
Auburn,2,10.87,0.7201,135,21,29,6.36,2-1
Texas,2,10.64,0.7161,135,22,3,18.992,3-0
Penn State,2,10.35,0.7114,135,23,9,13.159,3-0
Louisville,2,10.12,0.7059,135,24,26,7.141,2-1
Iowa,2,9.58,0.6963,135,25,32,6.099,3-0
Vanderbilt,2,9.05,0.6868,135,26,93,-3.332,3-0
Mississippi State,2,8.92,0.684,135,27,5,16.914,3-0
South Carolina,2,8.68,0.6794,135,28,1,19.759,2-1
Tennessee,2,8.66,0.6789,135,29,17,9.926,3-0
Michigan,2,8.12,0.6689,135,30,23,7.835,3-0
Kansas State,2,7.9,0.6641,135,31,21,8.703,3-0
SMU,2,7.63,0.6586,135,32,56,1.84,2-1
Washington,2,7.32,0.653,135,33,88,-2.836,3-0
TCU,2,6.92,0.6449,135,34,68,0.014,2-1
South Florida,2,6.88,0.6444,135,35,64,0.831,3-0
Houston,2,6.81,0.643,135,36,54,2.238,2-1
Arizona,2,6.66,0.6399,135,37,48,3.437,2-1
Maryland,2,6.55,0.6375,135,38,41,5.226,2-1
NC State,2,6.49,0.6362,135,39,107,-6.108,1-2
Virginia Tech,2,6.4,0.6347,135,40,46,3.629,3-0
Nebraska,2,5.83,0.6233,135,41,4,18.218,3-0
Baylor,2,5.11,0.6084,135,42,42,4.199,2-1
Toledo,2,4.96,0.6052,135,43,58,1.504,2-1
North Texas,2,4.88,0.6039,135,44,86,-2.666,1-2
Arizona State,2,4.87,0.6034,135,45,79,-2.001,2-1
UCLA,2,4.38,0.5935,135,46,36,5.781,3-0
Wake Forest,2,4.07,0.5869,135,47,45,3.666,2-1
Iowa State,2,3.58,0.5766,135,48,37,5.571,2-1
Old Dominion,2,3.12,0.567,135,49,92,-3.238,1-2
Illinois,2,2.98,0.5645,135,50,39,5.287,2-1
Cincinnati,2,2.75,0.5595,135,51,40,5.266,3-0
Navy,2,2.57,0.5556,135,52,74,-1.061,1-1
UCF,2,2.51,0.5541,135,53,20,8.804,2-1
Kansas,2,2.37,0.5514,135,54,103,-5.316,1-2
Kentucky,2,2.33,0.5505,135,55,47,3.475,2-1
San Diego State,2,1.71,0.5372,135,56,81,-2.239,1-2
North Carolina,2,1.34,0.5295,135,57,75,-1.372,2-1
Florida State,2,1.03,0.5229,135,58,52,2.305,1-2
UTSA,2,0.99,0.522,135,59,60,1.13,2-1
New Mexico,2,0.77,0.5173,135,60,28,6.837,2-1
Michigan State,2,0.7,0.5158,135,61,24,7.404,2-1
West Virginia,2,0.59,0.5134,135,62,31,6.122,3-0
Army,2,0.38,0.5091,135,63,84,-2.623,1-1
Duke,2,0.38,0.5089,135,64,34,5.976,3-0
Clemson,2,0.18,0.5047,135,65,96,-3.557,2-1
Wisconsin,2,0.06,0.5022,135,66,50,2.855,2-1
Western Michigan,2,-0.11,0.4985,135,67,69,-0.07,2-1
Georgia Tech,2,-0.6,0.4882,135,68,104,-5.32,1-2
Arkansas,2,-1.05,0.4785,135,69,120,-9.852,1-2
Northwestern,1,-1.38,0.4715,135,70,19,9.558,2-0
Liberty,2,-1.38,0.4714,135,71,55,2.114,2-1
Boise State,2,-1.48,0.4695,135,72,33,6.047,2-1
Syracuse,3,-1.73,0.4641,135,73,76,-1.496,1-2
East Carolina,2,-1.8,0.4626,135,74,90,-3.163,1-2
UConn,2,-1.96,0.4592,135,75,95,-3.535,2-1
Minnesota,2,-2.19,0.4541,135,76,89,-2.92,2-1
Jacksonville State,3,-2.49,0.4477,135,77,97,-3.844,2-2
Purdue,2,-2.53,0.4468,135,78,73,-1.014,1-2
Tulsa,2,-2.73,0.4429,135,79,30,6.278,3-0
Fresno State,2,-2.79,0.4414,135,80,49,3.312,2-1
Air Force,2,-2.98,0.4372,135,81,100,-4.976,1-1
Louisiana Tech,2,-3.28,0.4317,135,82,111,-6.65,1-2
Georgia State,2,-3.35,0.4297,135,83,61,1.1,2-1
Texas State,2,-3.61,0.4243,135,84,106,-6.063,1-2
Troy,2,-3.79,0.4207,135,85,67,0.308,2-1
Memphis,3,-4.19,0.4123,135,86,80,-2.133,3-1
Tulane,2,-4.33,0.4092,135,87,72,-0.813,1-2
Temple,2,-4.43,0.4068,135,88,65,0.636,1-2
San José State,3,-4.56,0.4046,135,89,102,-5.314,2-2
Washington State,2,-4.59,0.4039,135,90,121,-10.071,1-2
Kennesaw State,2,-4.63,0.4033,135,91,129,-13.133,1-2
Utah State,2,-4.71,0.4017,135,92,112,-6.853,0-3
Louisiana,2,-4.87,0.3979,135,93,63,0.895,2-1
California,2,-5.12,0.3932,135,94,85,-2.647,2-1
Colorado,2,-5.13,0.3928,135,95,110,-6.576,2-1
Florida International,2,-5.21,0.3914,135,96,113,-6.992,1-2
Oklahoma State,2,-5.27,0.3901,135,97,66,0.421,2-1
Colorado State,2,-5.32,0.389,135,98,77,-1.586,2-1
Boston College,2,-5.33,0.3886,135,99,71,-0.524,2-1
Delaware,2,-5.64,0.3826,135,100,83,-2.562,2-1
Coastal Carolina,2,-6.17,0.3723,135,101,57,1.756,1-2
Rutgers,2,-6.56,0.3632,135,102,82,-2.459,0-3
Oregon State,2,-6.61,0.3628,135,103,91,-3.172,1-2
Nevada,2,-7.01,0.3545,135,104,38,5.333,1-2
App State,2,-7.06,0.3538,135,105,105,-5.684,3-0
Ohio,2,-7.21,0.3503,135,106,117,-8.304,1-2
South Alabama,2,-7.23,0.3498,135,107,94,-3.409,2-1
Florida Atlantic,2,-7.68,0.3412,135,108,122,-10.086,2-1
Southern Miss,2,-7.7,0.3412,135,109,119,-9.664,1-2
Stanford,2,-7.85,0.338,135,110,125,-10.931,1-2
Marshall,2,-7.89,0.3372,135,111,87,-2.828,2-1
Georgia Southern,2,-8.08,0.3339,135,112,99,-4.62,1-2
Sam Houston,2,-8.48,0.3258,135,113,70,-0.108,1-2
Miami (OH),2,-8.57,0.3235,135,114,118,-9.187,1-2
Wyoming,2,-9.35,0.3089,135,115,132,-13.569,1-2
UNLV,3,-9.48,0.3066,135,116,124,-10.809,1-2
Arkansas State,2,-10.0,0.2967,135,117,133,-13.918,1-2
Akron,2,-10.62,0.2856,135,118,130,-13.303,1-2
Eastern Michigan,3,-11.03,0.2783,135,119,127,-11.276,1-3
Missouri State,2,-11.18,0.2751,135,120,131,-13.393,1-2
Middle Tennessee,2,-11.18,0.2748,135,121,98,-4.123,2-1
New Mexico State,3,-11.54,0.2688,135,122,123,-10.736,1-2
Buffalo,2,-11.83,0.2649,135,123,101,-5.01,1-2
Central Michigan,2,-11.82,0.2633,135,124,108,-6.266,2-1
Massachusetts,2,-12.34,0.2542,135,125,51,2.568,3-0
UAB,2,-12.47,0.2512,135,126,78,-1.727,1-2
Western Kentucky,2,-13.74,0.2321,135,127,134,-14.273,0-3
Hawai'i,3,-14.28,0.2227,135,128,114,-7.052,1-2
Rice,2,-14.52,0.2176,135,129,116,-7.545,1-2
UTEP,2,-15.41,0.2049,135,130,126,-11.124,1-2
UL Monroe,2,-16.37,0.1898,135,131,115,-7.351,0-3
Northern Illinois,2,-16.4,0.1897,135,132,128,-11.481,0-3
Charlotte,2,-17.54,0.1734,135,133,109,-6.387,0-3
Bowling Green,2,-17.85,0.1685,135,134,136,-18.489,0-3
Kent State,2,-20.46,0.1356,135,135,135,-18.342,1-2
Ball State,2,-22.16,0.1167,135,136,138,-23.554,1-2
